loan_id,account_id,date_loan.csv,amount,duration,payments,status,district_id,frequency,date_account.csv,order.csv_order_id,order.csv_bank_to,order.csv_account_to,order.csv_amount,order.csv_k_symbol,disp.csv_disp_id,disp.csv_client_id,disp.csv_type,trans.csv_trans_id,trans.csv_date,trans.csv_type,trans.csv_operation,trans.csv_amount,trans.csv_balance,trans.csv_k_symbol,trans.csv_bank,trans.csv_account
4959,2,1994-01-05,80952,24,3373.0,A,1,POPLATEK MESICNE,1993-02-26,2.0,2.0,2.0,2.0,2.0,2,2,2,478,478,478,408,478,478,224,159,478
4961,19,1996-04-29,30276,12,2523.0,B,21,POPLATEK MESICNE,1995-04-07,1.0,1.0,1.0,1.0,1.0,1,1,1,303,303,303,213,303,303,178,53,303
4962,25,1997-12-08,30276,12,2523.0,A,68,POPLATEK MESICNE,1996-07-28,4.0,4.0,4.0,4.0,3.0,1,1,1,274,274,274,246,274,274,147,93,274
4967,37,1998-10-14,318480,60,5308.0,D,20,POPLATEK MESICNE,1997-08-18,4.0,4.0,4.0,4.0,3.0,1,1,1,130,130,130,113,130,130,74,43,130
4968,38,1998-04-19,110736,48,2307.0,C,19,POPLATEK TYDNE,1997-08-08,4.0,4.0,4.0,4.0,3.0,1,1,1,130,130,130,113,130,130,74,62,130
4973,67,1996-05-02,165960,24,6915.0,A,16,POPLATEK MESICNE,1994-10-19,3.0,3.0,3.0,3.0,2.0,1,1,1,382,382,382,332,382,382,211,166,382
4986,97,1997-08-10,102876,12,8573.0,A,74,POPLATEK MESICNE,1996-05-05,5.0,5.0,5.0,5.0,3.0,2,2,2,274,274,274,242,274,274,180,121,274
4988,103,1997-12-06,265320,36,7370.0,D,44,POPLATEK MESICNE,1996-03-10,1.0,1.0,1.0,1.0,1.0,1,1,1,185,185,185,139,185,185,85,11,185
4989,105,1998-12-05,352704,48,7348.0,C,21,POPLATEK MESICNE,1997-07-10,1.0,1.0,1.0,1.0,1.0,1,1,1,59,59,59,43,59,59,24,1,59
4990,110,1997-09-08,162576,36,4516.0,C,36,POPLATEK MESICNE,1996-07-17,3.0,3.0,3.0,3.0,2.0,1,1,1,209,209,209,180,209,209,117,64,209
4996,132,1996-11-06,88440,12,7370.0,A,40,POPLATEK PO OBRATU,1996-05-11,1.0,1.0,1.0,1.0,1.0,2,2,2,198,198,198,166,198,198,73,12,198
5002,173,1994-05-31,104808,12,8734.0,A,66,POPLATEK MESICNE,1993-11-26,5.0,5.0,5.0,5.0,3.0,2,2,2,572,572,572,511,572,572,357,240,572
5005,176,1997-04-10,27456,12,2288.0,A,71,POPLATEK TYDNE,1996-08-12,4.0,4.0,4.0,4.0,3.0,1,1,1,274,274,274,245,274,274,145,90,274
5015,226,1998-07-12,109344,12,9112.0,C,70,POPLATEK MESICNE,1997-02-23,2.0,2.0,2.0,2.0,2.0,1,1,1,129,129,129,107,129,129,63,24,129
5027,276,1998-12-02,160920,36,4470.0,C,38,POPLATEK MESICNE,1997-12-08,2.0,2.0,2.0,2.0,2.0,1,1,1,65,65,65,52,65,65,30,22,65
5032,290,1994-11-03,123696,48,2577.0,A,56,POPLATEK MESICNE,1993-12-02,3.0,3.0,3.0,3.0,2.0,1,1,1,491,491,491,431,491,491,275,160,491
5034,303,1998-05-30,112752,36,3132.0,C,71,POPLATEK MESICNE,1996-07-25,2.0,2.0,2.0,2.0,2.0,1,1,1,176,176,176,147,176,176,85,32,176
5036,309,1998-11-25,91248,48,1901.0,C,14,POPLATEK MESICNE,1997-04-25,1.0,1.0,1.0,1.0,1.0,1,1,1,108,108,108,88,108,108,36,1,108
5039,314,1997-05-03,66840,24,2785.0,C,15,POPLATEK PO OBRATU,1996-01-26,2.0,2.0,2.0,2.0,2.0,2,2,2,223,223,223,188,223,223,116,86,223
5041,319,1997-07-11,369000,60,6150.0,C,47,POPLATEK TYDNE,1995-10-17,4.0,4.0,4.0,4.0,3.0,1,1,1,376,376,376,338,376,376,200,126,376
5042,330,1998-07-12,331584,48,6908.0,C,42,POPLATEK MESICNE,1996-11-24,1.0,1.0,1.0,1.0,1.0,2,2,2,130,130,130,105,130,130,51,6,130
5043,339,1997-12-25,468060,60,7801.0,C,46,POPLATEK TYDNE,1996-09-11,3.0,3.0,3.0,3.0,2.0,2,2,2,216,216,216,188,216,216,109,86,216
5044,344,1994-12-21,100980,60,1683.0,C,54,POPLATEK MESICNE,1993-12-01,2.0,2.0,2.0,2.0,2.0,1,1,1,399,399,399,338,399,399,222,105,399
5045,347,1995-05-01,187224,24,7801.0,B,65,POPLATEK MESICNE,1993-12-13,1.0,1.0,1.0,1.0,1.0,1,1,1,379,379,379,318,379,379,146,22,379
5046,349,1998-09-09,42816,12,3568.0,C,72,POPLATEK MESICNE,1997-06-08,2.0,2.0,2.0,2.0,2.0,2,2,2,107,107,107,88,107,107,51,18,107
5051,378,1997-10-11,230400,60,3840.0,C,68,POPLATEK MESICNE,1996-07-22,5.0,5.0,5.0,5.0,3.0,1,1,1,344,344,344,314,344,344,185,127,344
5060,426,1994-07-19,252060,60,4201.0,D,1,POPLATEK MESICNE,1993-11-29,3.0,3.0,3.0,3.0,2.0,1,1,1,444,444,444,383,444,444,286,165,444
5061,440,1998-03-13,84288,48,1756.0,C,29,POPLATEK MESICNE,1996-12-22,2.0,2.0,2.0,2.0,2.0,1,1,1,147,147,147,123,147,147,71,28,147
5063,442,1997-07-10,357840,48,7455.0,D,54,POPLATEK MESICNE,1997-03-30,3.0,3.0,3.0,3.0,2.0,1,1,1,80,80,80,63,80,80,46,21,80
5072,472,1997-04-28,196800,24,8200.0,D,8,POPLATEK MESICNE,1996-10-11,1.0,1.0,1.0,1.0,1.0,1,1,1,159,159,159,133,159,159,68,45,159
5082,501,1996-10-24,262980,60,4383.0,C,13,POPLATEK MESICNE,1995-10-21,1.0,1.0,1.0,1.0,1.0,1,1,1,233,233,233,195,233,233,100,26,233
5086,525,1997-07-16,210384,48,4383.0,C,70,POPLATEK MESICNE,1996-03-20,2.0,2.0,2.0,2.0,2.0,1,1,1,188,188,188,156,188,188,95,40,188
5088,544,1996-08-22,91152,24,3798.0,A,32,POPLATEK MESICNE,1995-05-15,1.0,1.0,1.0,1.0,1.0,1,1,1,254,254,254,211,254,254,105,67,254
5103,666,1997-11-28,12540,12,1045.0,A,27,POPLATEK MESICNE,1996-03-15,4.0,4.0,4.0,4.0,3.0,2,2,2,276,276,276,243,276,276,157,96,276
5110,675,1997-04-01,102240,60,1704.0,C,58,POPLATEK MESICNE,1995-08-03,2.0,2.0,2.0,2.0,2.0,2,2,2,263,263,263,222,263,263,134,57,263
5117,718,1997-08-20,76944,12,6412.0,A,1,POPLATEK MESICNE,1996-03-03,4.0,4.0,4.0,4.0,3.0,1,1,1,281,281,281,250,281,281,149,92,281
5124,785,1998-02-12,156096,36,4336.0,C,21,POPLATEK TYDNE,1997-08-09,2.0,2.0,2.0,2.0,2.0,1,1,1,108,108,108,91,108,108,52,40,108
5125,789,1995-11-23,73056,48,1522.0,C,39,POPLATEK MESICNE,1995-02-06,3.0,3.0,3.0,3.0,2.0,2,2,2,294,294,294,247,294,294,210,121,294
5126,790,1994-07-24,208128,48,4336.0,B,54,POPLATEK MESICNE,1993-05-11,1.0,1.0,1.0,1.0,1.0,1,1,1,406,406,406,339,406,406,169,41,406
5128,808,1996-04-11,215616,48,4492.0,D,69,POPLATEK MESICNE,1995-06-13,1.0,1.0,1.0,1.0,1.0,1,1,1,286,286,286,202,286,286,199,30,286
5130,813,1994-05-11,24312,12,2026.0,A,16,POPLATEK MESICNE,1993-02-10,1.0,1.0,1.0,1.0,1.0,1,1,1,392,392,392,321,392,392,149,83,392
5131,816,1995-01-08,48624,24,2026.0,A,52,POPLATEK MESICNE,1993-08-05,2.0,2.0,2.0,2.0,2.0,1,1,1,493,493,493,428,493,493,207,83,493
5132,817,1995-02-17,538500,60,8975.0,C,5,POPLATEK MESICNE,1994-03-18,2.0,2.0,2.0,2.0,2.0,1,1,1,361,361,361,304,361,361,208,99,361
5134,825,1997-02-02,53076,12,4423.0,A,19,POPLATEK MESICNE,1996-03-06,2.0,2.0,2.0,2.0,2.0,1,1,1,218,218,218,184,218,218,104,41,218
5136,846,1996-07-28,187104,24,7796.0,A,72,POPLATEK MESICNE,1996-03-09,1.0,1.0,1.0,1.0,1.0,1,1,1,229,229,229,195,229,229,89,24,229
5138,854,1995-05-30,87216,48,1817.0,C,62,POPLATEK MESICNE,1993-09-21,4.0,4.0,4.0,4.0,3.0,1,1,1,511,511,511,448,511,511,340,219,511
5140,873,1998-02-24,178500,60,2975.0,C,73,POPLATEK MESICNE,1997-04-26,4.0,4.0,4.0,4.0,3.0,1,1,1,150,150,150,130,150,150,91,56,150
5145,915,1995-09-16,309552,48,6449.0,C,72,POPLATEK MESICNE,1995-01-18,2.0,2.0,2.0,2.0,2.0,1,1,1,330,330,330,283,330,330,171,129,330
5147,938,1998-05-21,22260,60,371.0,C,70,POPLATEK MESICNE,1997-12-13,2.0,2.0,2.0,2.0,2.0,1,1,1,63,63,63,51,63,63,33,14,63
5148,940,1996-05-29,284280,60,4738.0,C,37,POPLATEK MESICNE,1994-11-15,1.0,1.0,1.0,1.0,1.0,2,2,2,297,297,297,248,297,297,124,80,297
5151,960,1995-05-24,189060,60,3151.0,C,4,POPLATEK PO OBRATU,1994-11-02,2.0,2.0,2.0,2.0,2.0,1,1,1,369,369,369,319,369,369,184,139,369
5154,993,1998-07-01,108720,60,1812.0,C,6,POPLATEK MESICNE,1996-11-14,1.0,1.0,1.0,1.0,1.0,1,1,1,105,105,105,80,105,105,41,6,105
5158,1004,1998-04-11,188532,36,5237.0,C,70,POPLATEK MESICNE,1996-07-02,1.0,1.0,1.0,1.0,1.0,1,1,1,210,210,210,182,210,210,61,9,210
5160,1011,1995-12-18,204000,60,3400.0,C,45,POPLATEK MESICNE,1994-12-17,2.0,2.0,2.0,2.0,2.0,1,1,1,323,323,323,275,323,323,171,128,323
5161,1012,1994-10-28,98184,24,4091.0,A,65,POPLATEK MESICNE,1994-07-09,1.0,1.0,1.0,1.0,1.0,1,1,1,412,412,412,304,412,412,180,75,412
5169,1068,1998-09-24,253200,60,4220.0,C,52,POPLATEK MESICNE,1997-02-15,4.0,4.0,4.0,4.0,3.0,1,1,1,158,158,158,136,158,158,96,57,158
5170,1071,1994-01-20,253200,60,4220.0,C,68,POPLATEK TYDNE,1993-05-10,1.0,1.0,1.0,1.0,1.0,1,1,1,393,393,393,325,393,393,191,59,393
5172,1083,1998-04-16,50976,36,1416.0,C,45,POPLATEK MESICNE,1996-12-06,4.0,4.0,4.0,4.0,3.0,1,1,1,192,192,192,167,192,192,115,70,192
5174,1093,1997-06-13,385104,48,8023.0,C,54,POPLATEK MESICNE,1996-01-14,2.0,2.0,2.0,2.0,2.0,1,1,1,243,243,243,208,243,243,114,84,243
5176,1106,1994-11-12,192552,24,8023.0,B,20,POPLATEK TYDNE,1993-08-29,1.0,1.0,1.0,1.0,1.0,1,1,1,379,379,379,317,379,379,149,20,379
5189,1166,1994-02-07,149040,48,3105.0,A,11,POPLATEK MESICNE,1993-04-21,2.0,2.0,2.0,2.0,2.0,1,1,1,447,447,447,379,447,447,243,180,447
5206,1242,1997-09-07,128544,24,5356.0,C,74,POPLATEK PO OBRATU,1996-11-24,5.0,5.0,5.0,5.0,3.0,1,1,1,230,230,230,204,230,230,147,100,230
5207,1244,1997-02-28,35904,48,748.0,C,68,POPLATEK MESICNE,1996-05-08,5.0,5.0,5.0,5.0,3.0,1,1,1,254,254,254,223,254,254,185,128,254
5208,1247,1995-03-16,99696,48,2077.0,D,25,POPLATEK MESICNE,1993-06-08,1.0,1.0,1.0,1.0,1.0,1,1,1,429,429,429,369,429,429,160,42,429
5209,1250,1996-11-25,182640,48,3805.0,C,62,POPLATEK MESICNE,1996-03-28,3.0,3.0,3.0,3.0,2.0,1,1,1,221,221,221,188,221,221,143,115,221
5210,1252,1997-04-01,148140,36,4115.0,C,13,POPLATEK TYDNE,1995-07-26,1.0,1.0,1.0,1.0,1.0,1,1,1,240,240,240,199,240,240,98,62,240
5212,1256,1995-05-29,71064,36,1974.0,A,38,POPLATEK MESICNE,1994-04-21,3.0,3.0,3.0,3.0,2.0,1,1,1,409,409,409,353,409,409,247,140,409
5214,1270,1997-07-01,74772,36,2077.0,C,55,POPLATEK PO OBRATU,1996-06-07,2.0,2.0,2.0,2.0,2.0,1,1,1,186,186,186,155,186,186,101,75,186
5221,1284,1998-12-05,52512,12,4376.0,C,55,POPLATEK MESICNE,1997-07-02,1.0,1.0,1.0,1.0,1.0,1,1,1,91,91,91,77,91,91,26,1,91
5226,1318,1998-10-11,185544,36,5154.0,C,56,POPLATEK MESICNE,1997-12-22,5.0,5.0,5.0,5.0,3.0,1,1,1,57,57,57,47,57,57,32,18,57
5229,1329,1997-09-06,23520,12,1960.0,A,53,POPLATEK MESICNE,1996-09-16,3.0,3.0,3.0,3.0,2.0,2,2,2,175,175,175,148,175,175,107,85,175
5236,1374,1997-09-15,389136,48,8107.0,C,53,POPLATEK MESICNE,1996-09-26,1.0,1.0,1.0,1.0,1.0,1,1,1,166,166,166,139,166,166,64,42,166
5237,1375,1995-08-29,45336,24,1889.0,A,19,POPLATEK MESICNE,1994-04-27,2.0,2.0,2.0,2.0,2.0,1,1,1,358,358,358,302,358,358,183,76,358
5241,1389,1998-09-02,125472,24,5228.0,C,34,POPLATEK MESICNE,1997-08-05,2.0,2.0,2.0,2.0,2.0,1,1,1,126,126,126,109,126,126,51,19,126
5245,1407,1998-01-17,125472,24,5228.0,C,19,POPLATEK PO OBRATU,1997-04-11,2.0,2.0,2.0,2.0,2.0,2,2,2,182,182,182,161,182,182,70,30,182
5253,1447,1997-06-03,100080,48,2085.0,C,65,POPLATEK MESICNE,1997-02-20,2.0,2.0,2.0,2.0,2.0,1,1,1,127,127,127,105,127,127,75,58,127
5260,1480,1998-01-19,123300,36,3425.0,C,41,POPLATEK TYDNE,1996-07-03,1.0,1.0,1.0,1.0,1.0,1,1,1,162,162,162,136,162,162,58,11,162
5265,1498,1998-10-07,165780,60,2763.0,C,62,POPLATEK TYDNE,1997-02-07,1.0,1.0,1.0,1.0,1.0,1,1,1,132,132,132,90,132,132,57,2,132
5269,1527,1994-11-19,164052,36,4557.0,B,31,POPLATEK PO OBRATU,1993-11-17,1.0,1.0,1.0,1.0,1.0,1,1,1,389,389,389,327,389,389,158,32,389
5270,1528,1997-07-21,191088,48,3981.0,C,50,POPLATEK MESICNE,1996-06-08,1.0,1.0,1.0,1.0,1.0,1,1,1,193,193,193,162,193,193,100,17,193
5281,1580,1997-11-27,194256,24,8094.0,C,69,POPLATEK MESICNE,1996-01-08,1.0,1.0,1.0,1.0,1.0,1,1,1,208,208,208,173,208,208,79,13,208
5282,1583,1996-08-24,388512,48,8094.0,D,69,POPLATEK PO OBRATU,1994-11-17,1.0,1.0,1.0,1.0,1.0,1,1,1,339,339,339,289,339,339,128,24,339
5285,1603,1994-02-06,78936,12,6578.0,A,1,POPLATEK MESICNE,1993-05-09,3.0,3.0,3.0,3.0,2.0,1,1,1,499,499,499,431,499,499,269,138,499
5287,1638,1998-01-26,64224,24,2676.0,C,6,POPLATEK TYDNE,1996-11-12,2.0,2.0,2.0,2.0,2.0,2,2,2,110,110,110,84,110,110,67,26,110
5293,1656,1998-10-29,189792,48,3954.0,C,47,POPLATEK MESICNE,1997-02-01,2.0,2.0,2.0,2.0,2.0,1,1,1,144,144,144,121,144,144,61,43,144
5301,1698,1996-07-06,141948,36,3943.0,C,68,POPLATEK MESICNE,1996-03-14,2.0,2.0,2.0,2.0,2.0,1,1,1,213,213,213,180,213,213,119,58,213
5304,1718,1998-08-20,172272,24,7178.0,C,71,POPLATEK MESICNE,1997-09-23,2.0,2.0,2.0,2.0,2.0,1,1,1,83,83,83,68,83,83,39,29,83
5310,1762,1995-04-28,248148,36,6893.0,A,28,POPLATEK MESICNE,1993-12-11,4.0,4.0,4.0,4.0,3.0,1,1,1,490,490,490,430,490,490,316,201,490
5311,1766,1996-06-15,30060,60,501.0,C,28,POPLATEK MESICNE,1994-09-03,5.0,5.0,5.0,5.0,3.0,1,1,1,483,483,483,431,483,483,317,218,483
5312,1772,1996-03-13,202788,36,5633.0,C,31,POPLATEK TYDNE,1995-02-20,2.0,2.0,2.0,2.0,2.0,1,1,1,330,330,330,284,330,330,162,121,330
5313,1776,1998-05-27,43200,24,1800.0,C,36,POPLATEK MESICNE,1997-07-27,2.0,2.0,2.0,2.0,2.0,1,1,1,103,103,103,86,103,103,48,19,103
5314,1787,1993-07-05,96396,12,8033.0,B,30,POPLATEK TYDNE,1993-03-22,1.0,1.0,1.0,1.0,1.0,1,1,1,403,403,403,339,403,403,180,4,403
5316,1801,1993-07-11,165960,36,4610.0,A,46,POPLATEK MESICNE,1993-02-13,4.0,4.0,4.0,4.0,3.0,1,1,1,633,633,633,562,633,633,379,240,633
5318,1808,1998-09-30,385584,48,8033.0,C,28,POPLATEK MESICNE,1997-05-16,1.0,1.0,1.0,1.0,1.0,2,2,2,101,101,101,85,101,101,30,3,101
5319,1811,1994-06-23,239460,60,3991.0,C,40,POPLATEK MESICNE,1993-09-22,3.0,3.0,3.0,3.0,2.0,1,1,1,470,470,470,407,470,470,291,233,470
5320,1819,1998-01-11,143676,36,3991.0,C,55,POPLATEK TYDNE,1996-10-21,4.0,4.0,4.0,4.0,3.0,1,1,1,184,184,184,158,184,184,111,67,184
5325,1843,1993-08-03,105804,36,2939.0,A,12,POPLATEK MESICNE,1993-01-30,2.0,2.0,2.0,2.0,2.0,1,1,1,462,462,462,392,462,462,239,174,462
5329,1862,1996-10-16,396120,60,6602.0,C,19,POPLATEK TYDNE,1995-04-15,1.0,1.0,1.0,1.0,1.0,1,1,1,275,275,275,231,275,275,109,70,275
5332,1869,1998-01-29,37944,36,1054.0,C,1,POPLATEK MESICNE,1996-06-14,1.0,1.0,1.0,1.0,1.0,1,1,1,169,169,169,139,169,169,66,11,169
5334,1876,1998-09-10,209040,24,8710.0,C,1,POPLATEK MESICNE,1997-09-20,3.0,3.0,3.0,3.0,2.0,1,1,1,92,92,92,77,92,92,50,25,92
5337,1886,1996-07-31,162468,36,4513.0,C,32,POPLATEK MESICNE,1996-03-05,2.0,2.0,2.0,2.0,2.0,2,2,2,209,209,209,175,209,209,121,92,209
5338,1888,1997-08-30,57360,12,4780.0,B,6,POPLATEK MESICNE,1996-10-21,4.0,4.0,4.0,4.0,3.0,1,1,1,249,249,249,197,249,249,159,103,249
5343,1906,1997-10-08,44952,24,1873.0,C,1,POPLATEK MESICNE,1996-08-01,3.0,3.0,3.0,3.0,2.0,1,1,1,216,216,216,187,216,216,115,63,216
5346,1928,1998-12-06,55632,24,2318.0,C,70,POPLATEK MESICNE,1997-03-02,1.0,1.0,1.0,1.0,1.0,1,1,1,119,119,119,97,119,119,40,23,119
5350,1967,1996-04-21,249312,48,5194.0,C,26,POPLATEK TYDNE,1995-02-13,2.0,2.0,2.0,2.0,2.0,1,1,1,302,302,302,256,302,302,151,67,302
5351,1978,1994-12-04,205200,36,5700.0,A,57,POPLATEK TYDNE,1993-06-11,4.0,4.0,4.0,4.0,3.0,1,1,1,564,564,564,498,564,564,349,288,564
5352,1993,1995-04-15,68400,12,5700.0,B,68,POPLATEK MESICNE,1994-10-30,1.0,1.0,1.0,1.0,1.0,1,1,1,243,243,243,193,243,243,106,11,243
5354,2000,1998-07-14,290820,60,4847.0,C,5,POPLATEK MESICNE,1997-08-06,4.0,4.0,4.0,4.0,3.0,1,1,1,128,128,128,111,128,128,72,43,128
5358,2018,1997-01-21,38520,12,3210.0,A,42,POPLATEK MESICNE,1995-06-04,2.0,2.0,2.0,2.0,2.0,1,1,1,244,244,244,201,244,244,132,51,244
5360,2035,1998-01-25,176328,36,4898.0,C,53,POPLATEK MESICNE,1996-05-10,5.0,5.0,5.0,5.0,3.0,2,2,2,282,282,282,251,282,282,176,150,282
5363,2051,1997-04-22,293880,60,4898.0,D,64,POPLATEK TYDNE,1995-11-08,1.0,1.0,1.0,1.0,1.0,1,1,1,224,224,224,190,224,224,84,16,224
5365,2055,1998-07-19,271260,60,4521.0,C,37,POPLATEK MESICNE,1997-04-17,2.0,2.0,2.0,2.0,2.0,1,1,1,99,99,99,79,99,99,55,20,99
5366,2062,1996-10-29,86184,12,7182.0,A,70,POPLATEK MESICNE,1996-03-06,3.0,3.0,3.0,3.0,2.0,1,1,1,269,269,269,235,269,269,133,104,269
5367,2064,1997-08-26,83628,36,2323.0,C,54,POPLATEK MESICNE,1996-12-30,1.0,1.0,1.0,1.0,1.0,1,1,1,128,128,128,104,128,128,59,40,128
5368,2073,1998-10-05,44640,24,1860.0,C,59,POPLATEK MESICNE,1997-08-14,1.0,1.0,1.0,1.0,1.0,1,1,1,83,83,83,67,83,83,30,3,83
5369,2080,1997-09-12,214596,36,5961.0,C,74,POPLATEK MESICNE,1997-04-27,2.0,2.0,2.0,2.0,2.0,2,2,2,128,128,128,108,128,128,67,52,128
5375,2106,1996-10-03,101520,12,8460.0,A,1,POPLATEK MESICNE,1996-02-01,2.0,2.0,2.0,2.0,2.0,1,1,1,185,185,185,150,185,185,108,43,185
5377,2116,1997-08-04,92400,12,7700.0,A,70,POPLATEK MESICNE,1996-05-02,3.0,3.0,3.0,3.0,2.0,1,1,1,224,224,224,192,224,224,128,68,224
5382,2134,1997-03-17,22932,36,637.0,C,52,POPLATEK MESICNE,1996-08-06,3.0,3.0,3.0,3.0,2.0,1,1,1,204,204,204,175,204,204,124,71,204
5384,2142,1998-03-07,23328,12,1944.0,C,42,POPLATEK MESICNE,1997-09-01,2.0,2.0,2.0,2.0,2.0,2,2,2,91,91,91,75,91,91,48,21,91
5385,2143,1996-09-09,71460,36,1985.0,C,1,POPLATEK MESICNE,1996-01-13,2.0,2.0,2.0,2.0,2.0,2,2,2,228,228,228,193,228,228,124,59,228
5388,2153,1996-11-28,61560,12,5130.0,A,31,POPLATEK TYDNE,1996-01-07,4.0,4.0,4.0,4.0,3.0,1,1,1,274,274,274,238,274,274,174,143,274
5389,2165,1997-08-22,78600,24,3275.0,C,51,POPLATEK MESICNE,1997-04-08,2.0,2.0,2.0,2.0,2.0,1,1,1,124,124,124,103,124,124,69,53,124
5390,2167,1994-10-30,170256,24,7094.0,A,16,POPLATEK MESICNE,1993-08-08,2.0,2.0,2.0,2.0,2.0,1,1,1,412,412,412,348,412,412,207,84,412
5395,2176,1994-07-30,299088,36,8308.0,B,67,POPLATEK MESICNE,1993-06-06,3.0,3.0,3.0,3.0,2.0,1,1,1,471,471,471,407,471,471,286,148,471
5398,2187,1997-11-04,53472,12,4456.0,A,9,POPLATEK TYDNE,1996-02-26,1.0,1.0,1.0,1.0,1.0,2,2,2,222,222,222,188,222,222,77,12,222
5409,2218,1995-11-18,182040,60,3034.0,C,19,POPLATEK MESICNE,1994-11-21,1.0,1.0,1.0,1.0,1.0,2,2,2,306,306,306,257,306,306,130,86,306
5413,2227,1995-12-12,92976,24,3874.0,A,31,POPLATEK TYDNE,1994-05-22,2.0,2.0,2.0,2.0,2.0,2,2,2,420,420,420,367,420,420,171,71,420
5414,2228,1995-03-29,185952,48,3874.0,C,34,POPLATEK MESICNE,1994-03-19,2.0,2.0,2.0,2.0,2.0,1,1,1,356,356,356,300,356,356,192,91,356
5415,2236,1996-09-26,139464,36,3874.0,D,73,POPLATEK MESICNE,1995-08-27,1.0,1.0,1.0,1.0,1.0,1,1,1,171,171,171,133,171,171,109,18,171
5418,2245,1995-01-16,347952,48,7249.0,C,29,POPLATEK MESICNE,1993-03-30,1.0,1.0,1.0,1.0,1.0,1,1,1,408,408,408,341,408,408,175,47,408
5419,2246,1997-02-05,415800,60,6930.0,C,1,POPLATEK MESICNE,1996-04-25,1.0,1.0,1.0,1.0,1.0,1,1,1,189,189,189,158,189,189,81,23,189
5420,2247,1997-02-24,72504,24,3021.0,C,24,POPLATEK MESICNE,1996-04-13,5.0,5.0,5.0,5.0,3.0,1,1,1,300,300,300,267,300,300,210,146,300
5428,2262,1998-12-02,230220,36,6395.0,C,13,POPLATEK MESICNE,1997-02-08,1.0,1.0,1.0,1.0,1.0,1,1,1,162,162,162,139,162,162,44,1,162
5429,2268,1996-07-18,20196,36,561.0,C,1,POPLATEK MESICNE,1995-02-11,2.0,2.0,2.0,2.0,2.0,1,1,1,286,286,286,240,286,286,158,71,286
5435,2279,1998-06-01,314688,48,6556.0,C,2,POPLATEK TYDNE,1996-10-30,1.0,1.0,1.0,1.0,1.0,1,1,1,147,147,147,121,147,147,54,33,147
5445,2322,1996-06-29,46320,24,1930.0,A,33,POPLATEK MESICNE,1995-01-02,5.0,5.0,5.0,5.0,3.0,1,1,1,460,460,460,412,460,460,298,204,460
5446,2334,1997-08-04,48312,24,2013.0,C,50,POPLATEK MESICNE,1996-03-19,2.0,2.0,2.0,2.0,2.0,1,1,1,214,214,214,181,214,214,107,79,214
5447,2335,1997-11-12,541200,60,9020.0,D,70,POPLATEK MESICNE,1996-04-04,5.0,5.0,5.0,5.0,3.0,1,1,1,329,329,329,267,329,329,252,124,329
5449,2343,1995-11-04,99336,24,4139.0,A,68,POPLATEK MESICNE,1994-12-09,2.0,2.0,2.0,2.0,2.0,1,1,1,303,303,303,255,303,303,159,68,303
5450,2345,1994-12-11,199680,60,3328.0,C,5,POPLATEK MESICNE,1993-10-25,2.0,2.0,2.0,2.0,2.0,1,1,1,400,400,400,338,400,400,226,169,400
5451,2350,1997-05-11,159744,48,3328.0,C,18,POPLATEK MESICNE,1996-08-04,3.0,3.0,3.0,3.0,2.0,1,1,1,199,199,199,174,199,199,108,62,199
5452,2352,1996-04-29,49440,60,824.0,C,70,POPLATEK MESICNE,1995-01-21,4.0,4.0,4.0,4.0,3.0,1,1,1,400,400,400,353,400,400,249,160,400
5453,2361,1995-04-01,156672,36,4352.0,A,28,POPLATEK MESICNE,1994-02-25,2.0,2.0,2.0,2.0,2.0,1,1,1,367,367,367,309,367,367,200,89,367
5463,2413,1998-10-06,17952,12,1496.0,C,33,POPLATEK MESICNE,1997-10-27,2.0,2.0,2.0,2.0,2.0,1,1,1,76,76,76,62,76,76,36,13,76
5464,2419,1995-01-30,95808,12,7984.0,A,24,POPLATEK MESICNE,1993-11-27,1.0,1.0,1.0,1.0,1.0,1,1,1,420,420,420,359,420,420,130,12,420
5469,2445,1997-12-26,293160,60,4886.0,C,52,POPLATEK MESICNE,1996-07-07,1.0,1.0,1.0,1.0,1.0,1,1,1,189,189,189,160,189,189,67,12,189
5470,2456,1996-04-15,200976,48,4187.0,C,65,POPLATEK MESICNE,1995-09-09,2.0,2.0,2.0,2.0,2.0,1,1,1,265,265,265,225,265,265,142,107,265
5479,2486,1994-01-10,24516,12,2043.0,A,1,POPLATEK MESICNE,1993-02-27,1.0,1.0,1.0,1.0,1.0,1,1,1,534,534,534,464,534,534,149,12,534
5482,2496,1996-01-12,165120,60,2752.0,C,51,POPLATEK MESICNE,1994-05-21,2.0,2.0,2.0,2.0,2.0,2,2,2,317,317,317,262,317,317,192,87,317
5486,2516,1997-06-13,466608,48,9721.0,C,6,POPLATEK MESICNE,1995-11-16,1.0,1.0,1.0,1.0,1.0,1,1,1,212,212,212,175,212,212,87,18,212
5491,2545,1998-02-13,428784,48,8933.0,C,1,POPLATEK MESICNE,1996-12-04,4.0,4.0,4.0,4.0,3.0,2,2,2,192,192,192,167,192,192,118,73,192
5494,2572,1996-06-13,360000,48,7500.0,C,64,POPLATEK PO OBRATU,1994-11-13,1.0,1.0,1.0,1.0,1.0,1,1,1,375,375,375,277,375,375,178,79,375
5495,2580,1996-08-02,89340,60,1489.0,C,60,POPLATEK MESICNE,1995-11-09,2.0,2.0,2.0,2.0,2.0,2,2,2,249,249,249,211,249,249,134,63,249
5501,2622,1998-05-21,136344,24,5681.0,C,1,POPLATEK MESICNE,1996-08-21,2.0,2.0,2.0,2.0,2.0,2,2,2,179,179,179,151,179,179,82,31,179
5519,2694,1994-03-08,91632,12,7636.0,A,7,POPLATEK MESICNE,1993-03-08,2.0,2.0,2.0,2.0,2.0,2,2,2,473,473,473,403,473,473,213,78,473
5520,2699,1998-08-30,231168,48,4816.0,C,73,POPLATEK MESICNE,1996-12-25,3.0,3.0,3.0,3.0,2.0,1,1,1,180,180,180,156,180,180,85,66,180
5523,2705,1993-12-08,93888,36,2608.0,A,63,POPLATEK PO OBRATU,1993-07-05,2.0,2.0,2.0,2.0,2.0,1,1,1,440,440,440,374,440,440,224,163,440
5525,2720,1998-04-27,93888,36,2608.0,C,2,POPLATEK TYDNE,1997-06-16,3.0,3.0,3.0,3.0,2.0,2,2,2,167,167,167,148,167,167,77,42,167
5526,2725,1998-11-08,69624,36,1934.0,C,52,POPLATEK MESICNE,1997-04-02,4.0,4.0,4.0,4.0,3.0,1,1,1,160,160,160,139,160,160,89,52,160
5527,2728,1998-06-15,156420,60,2607.0,C,52,POPLATEK TYDNE,1997-07-06,2.0,2.0,2.0,2.0,2.0,1,1,1,107,107,107,89,107,107,50,19,107
5531,2753,1997-09-30,66432,24,2768.0,C,26,POPLATEK MESICNE,1996-02-13,2.0,2.0,2.0,2.0,2.0,2,2,2,213,213,213,179,213,213,108,79,213
5532,2754,1997-05-04,335280,48,6985.0,C,57,POPLATEK TYDNE,1996-01-26,3.0,3.0,3.0,3.0,2.0,1,1,1,239,239,239,204,239,239,145,115,239
5533,2762,1994-07-05,111384,24,4641.0,A,19,POPLATEK MESICNE,1993-03-20,3.0,3.0,3.0,3.0,2.0,1,1,1,634,634,634,564,634,634,297,160,634
5549,2824,1994-07-16,50460,60,841.0,C,11,POPLATEK MESICNE,1993-10-20,2.0,2.0,2.0,2.0,2.0,1,1,1,413,413,413,351,413,413,230,111,413
5556,2872,1997-05-19,268320,60,4472.0,C,1,POPLATEK MESICNE,1996-09-04,3.0,3.0,3.0,3.0,2.0,1,1,1,173,173,173,145,173,173,118,67,173
5561,2910,1998-08-29,437460,60,7291.0,C,68,POPLATEK MESICNE,1997-10-21,3.0,3.0,3.0,3.0,2.0,1,1,1,85,85,85,71,85,85,45,36,85
5563,2912,1996-02-29,380160,60,6336.0,C,74,POPLATEK MESICNE,1994-07-30,1.0,1.0,1.0,1.0,1.0,1,1,1,369,369,369,319,369,369,131,34,369
5568,2933,1994-05-17,272520,60,4542.0,C,10,POPLATEK MESICNE,1993-06-18,2.0,2.0,2.0,2.0,2.0,2,2,2,473,473,473,406,473,473,251,120,473
5569,2936,1998-01-20,504000,60,8400.0,C,3,POPLATEK MESICNE,1996-03-27,2.0,2.0,2.0,2.0,2.0,1,1,1,199,199,199,166,199,199,101,40,199
5576,2962,1994-12-21,31248,12,2604.0,A,1,POPLATEK MESICNE,1993-05-30,1.0,1.0,1.0,1.0,1.0,1,1,1,422,422,422,356,422,422,138,12,422
5582,2982,1998-04-17,41256,12,3438.0,C,19,POPLATEK MESICNE,1996-06-04,5.0,5.0,5.0,5.0,3.0,2,2,2,303,303,303,272,303,303,172,146,303
5584,2986,1997-12-06,24792,24,1033.0,C,63,POPLATEK MESICNE,1996-04-09,3.0,3.0,3.0,3.0,2.0,1,1,1,234,234,234,202,234,234,128,69,234
5585,2988,1998-07-08,88608,12,7384.0,C,66,POPLATEK PO OBRATU,1996-10-14,1.0,1.0,1.0,1.0,1.0,2,2,2,168,168,168,141,168,168,55,5,168
5586,2994,1996-09-14,48744,36,1354.0,C,77,POPLATEK MESICNE,1996-05-03,2.0,2.0,2.0,2.0,2.0,1,1,1,212,212,212,180,212,212,114,55,212
5589,3005,1998-06-05,390000,48,8125.0,C,42,POPLATEK PO OBRATU,1997-01-11,3.0,3.0,3.0,3.0,2.0,1,1,1,101,101,101,89,101,101,48,27,101
5591,3021,1996-12-04,155616,48,3242.0,C,10,POPLATEK MESICNE,1996-04-20,1.0,1.0,1.0,1.0,1.0,1,1,1,177,177,177,145,177,177,84,57,177
5593,3037,1996-04-18,277884,36,7719.0,D,44,POPLATEK MESICNE,1994-05-26,1.0,1.0,1.0,1.0,1.0,1,1,1,269,269,269,218,269,269,153,16,269
5595,3050,1994-09-02,82896,12,6908.0,A,60,POPLATEK MESICNE,1993-05-08,4.0,4.0,4.0,4.0,3.0,2,2,2,609,609,609,542,609,609,330,268,609
5599,3064,1995-03-21,15420,12,1285.0,A,40,POPLATEK MESICNE,1993-05-23,3.0,3.0,3.0,3.0,2.0,1,1,1,512,512,512,445,512,512,265,136,512
5606,3084,1996-08-28,253512,36,7042.0,D,59,POPLATEK TYDNE,1996-01-28,1.0,1.0,1.0,1.0,1.0,1,1,1,200,200,200,165,200,200,122,24,200
5610,3112,1996-02-24,123216,48,2567.0,C,38,POPLATEK MESICNE,1994-08-12,3.0,3.0,3.0,3.0,2.0,2,2,2,439,439,439,386,439,439,221,124,439
5611,3115,1996-11-15,321180,60,5353.0,C,14,POPLATEK MESICNE,1996-03-27,2.0,2.0,2.0,2.0,2.0,2,2,2,206,206,206,173,206,206,115,87,206
5614,3137,1998-09-21,253560,60,4226.0,C,39,POPLATEK MESICNE,1996-12-15,1.0,1.0,1.0,1.0,1.0,1,1,1,126,126,126,102,126,126,46,27,126
5616,3143,1998-05-15,130896,24,5454.0,C,38,POPLATEK MESICNE,1996-10-18,2.0,2.0,2.0,2.0,2.0,2,2,2,161,161,161,135,161,161,75,28,161
5620,3161,1998-06-16,30012,12,2501.0,C,48,POPLATEK MESICNE,1996-08-26,1.0,1.0,1.0,1.0,1.0,1,1,1,143,143,143,115,143,143,52,6,143
5624,3166,1995-01-03,177744,48,3703.0,D,71,POPLATEK MESICNE,1993-08-10,1.0,1.0,1.0,1.0,1.0,1,1,1,427,427,427,364,427,427,173,45,427
5625,3189,1996-12-15,222180,60,3703.0,D,29,POPLATEK MESICNE,1995-11-29,1.0,1.0,1.0,1.0,1.0,1,1,1,196,196,196,159,196,196,88,20,196
5634,3229,1997-05-01,39024,12,3252.0,A,64,POPLATEK MESICNE,1995-11-18,3.0,3.0,3.0,3.0,2.0,1,1,1,277,277,277,240,277,277,153,82,277
5635,3230,1996-10-04,77184,36,2144.0,C,1,POPLATEK MESICNE,1995-03-11,1.0,1.0,1.0,1.0,1.0,1,1,1,264,264,264,221,264,264,105,27,264
5638,3249,1997-08-27,68124,12,5677.0,A,74,POPLATEK MESICNE,1996-10-11,2.0,2.0,2.0,2.0,2.0,1,1,1,162,162,162,136,162,162,81,34,162
5643,3273,1997-09-21,94512,12,7876.0,B,74,POPLATEK MESICNE,1995-12-29,1.0,1.0,1.0,1.0,1.0,1,1,1,260,260,260,188,260,260,130,45,260
5644,3293,1998-11-27,276084,36,7669.0,C,1,POPLATEK MESICNE,1997-08-08,5.0,5.0,5.0,5.0,3.0,1,1,1,155,155,155,138,155,155,81,69,155
5651,3329,1997-12-08,19248,12,1604.0,A,3,POPLATEK MESICNE,1996-10-12,2.0,2.0,2.0,2.0,2.0,2,2,2,164,164,164,138,164,164,81,34,164
5656,3353,1997-02-09,146064,24,6086.0,C,74,POPLATEK MESICNE,1996-08-27,4.0,4.0,4.0,4.0,3.0,1,1,1,230,230,230,202,230,230,142,91,230
5657,3354,1994-07-05,4980,12,415.0,A,63,POPLATEK MESICNE,1993-11-05,4.0,4.0,4.0,4.0,3.0,1,1,1,533,533,533,471,533,533,302,183,533
5665,3390,1998-03-11,40632,12,3386.0,C,12,POPLATEK TYDNE,1996-12-22,5.0,5.0,5.0,5.0,3.0,1,1,1,212,212,212,188,212,212,133,114,212
5669,3403,1998-06-27,71820,36,1995.0,C,63,POPLATEK MESICNE,1997-05-20,1.0,1.0,1.0,1.0,1.0,1,1,1,127,127,127,108,127,127,41,6,127
5674,3418,1997-06-10,207264,48,4318.0,C,42,POPLATEK PO OBRATU,1996-09-02,1.0,1.0,1.0,1.0,1.0,2,2,2,186,186,186,160,186,186,68,19,186
5681,3448,1997-10-20,68664,24,2861.0,C,58,POPLATEK TYDNE,1996-06-06,1.0,1.0,1.0,1.0,1.0,2,2,2,145,145,145,114,145,145,71,14,145
5682,3455,1997-03-07,67464,12,5622.0,A,34,POPLATEK MESICNE,1996-03-13,1.0,1.0,1.0,1.0,1.0,1,1,1,190,190,190,157,190,190,73,45,190
5683,3460,1998-05-29,140688,48,2931.0,C,16,POPLATEK MESICNE,1997-04-08,1.0,1.0,1.0,1.0,1.0,2,2,2,114,114,114,95,114,114,44,7,114
5693,3489,1995-08-01,44088,24,1837.0,A,9,POPLATEK MESICNE,1994-12-08,2.0,2.0,2.0,2.0,2.0,1,1,1,300,300,300,252,300,300,159,68,300
5698,3556,1998-09-22,174840,60,2914.0,C,58,POPLATEK MESICNE,1997-08-29,3.0,3.0,3.0,3.0,2.0,1,1,1,113,113,113,97,113,113,54,43,113
5699,3562,1998-05-24,174960,24,7290.0,C,50,POPLATEK MESICNE,1996-07-19,1.0,1.0,1.0,1.0,1.0,1,1,1,200,200,200,171,200,200,62,7,200
5706,3608,1996-05-24,161496,36,4486.0,C,72,POPLATEK TYDNE,1994-08-30,2.0,2.0,2.0,2.0,2.0,1,1,1,352,352,352,300,352,352,183,81,352
5713,3629,1995-05-30,158760,60,2646.0,C,48,POPLATEK MESICNE,1993-07-27,4.0,4.0,4.0,4.0,3.0,1,1,1,530,530,530,465,530,530,348,288,530
5718,3637,1997-09-01,14028,12,1169.0,A,53,POPLATEK MESICNE,1995-10-28,3.0,3.0,3.0,3.0,2.0,1,1,1,280,280,280,242,280,280,151,80,280
5719,3664,1997-09-20,271584,48,5658.0,C,1,POPLATEK MESICNE,1996-04-28,1.0,1.0,1.0,1.0,1.0,1,1,1,198,198,198,166,198,198,71,15,198
5723,3674,1994-09-10,23628,12,1969.0,A,38,POPLATEK MESICNE,1993-03-12,2.0,2.0,2.0,2.0,2.0,1,1,1,570,570,570,500,570,570,210,76,570
5724,3678,1995-02-05,316140,60,5269.0,D,1,POPLATEK MESICNE,1993-03-24,1.0,1.0,1.0,1.0,1.0,1,1,1,414,414,414,359,414,414,249,41,414
5725,3679,1996-07-23,444864,48,9268.0,C,64,POPLATEK MESICNE,1995-08-15,3.0,3.0,3.0,3.0,2.0,2,2,2,299,299,299,259,299,299,174,99,299
5731,3711,1997-11-05,460980,60,7683.0,D,3,POPLATEK MESICNE,1997-05-08,1.0,1.0,1.0,1.0,1.0,1,1,1,101,101,101,85,101,101,62,9,101
5739,3747,1995-01-02,76380,12,6365.0,A,1,POPLATEK MESICNE,1994-05-01,4.0,4.0,4.0,4.0,3.0,1,1,1,421,421,421,365,421,421,275,168,421
5740,3752,1995-04-02,18564,12,1547.0,A,1,POPLATEK MESICNE,1994-11-25,2.0,2.0,2.0,2.0,2.0,1,1,1,320,320,320,271,320,320,150,57,320
5741,3754,1996-11-03,68544,24,2856.0,A,37,POPLATEK TYDNE,1996-02-19,5.0,5.0,5.0,5.0,3.0,2,2,2,312,312,312,278,312,312,206,177,312
5750,3804,1996-02-08,63252,12,5271.0,A,7,POPLATEK MESICNE,1994-04-07,3.0,3.0,3.0,3.0,2.0,1,1,1,450,450,450,393,450,450,227,175,450
5754,3834,1994-09-28,23052,12,1921.0,A,54,POPLATEK MESICNE,1993-01-19,5.0,5.0,5.0,5.0,3.0,2,2,2,665,665,665,594,665,665,414,277,665
5758,3859,1997-05-02,307200,60,5120.0,D,53,POPLATEK MESICNE,1996-04-23,1.0,1.0,1.0,1.0,1.0,1,1,1,173,173,173,141,173,173,71,10,173
5760,3862,1998-09-18,74916,36,2081.0,C,1,POPLATEK MESICNE,1996-11-23,3.0,3.0,3.0,3.0,2.0,1,1,1,206,206,206,182,206,206,86,43,206
5765,3875,1998-02-10,153936,24,6414.0,C,44,POPLATEK MESICNE,1997-10-18,1.0,1.0,1.0,1.0,1.0,1,1,1,73,73,73,59,73,73,33,24,73
5772,3906,1998-03-08,334620,60,5577.0,C,52,POPLATEK MESICNE,1997-07-08,1.0,1.0,1.0,1.0,1.0,2,2,2,94,94,94,76,94,94,41,28,94
5773,3907,1998-03-16,133848,24,5577.0,C,37,POPLATEK MESICNE,1996-04-18,1.0,1.0,1.0,1.0,1.0,1,1,1,173,173,173,141,173,173,70,9,173
5774,3916,1998-07-12,96984,36,2694.0,C,8,POPLATEK MESICNE,1997-09-28,4.0,4.0,4.0,4.0,3.0,1,1,1,94,94,94,79,94,94,64,54,94
5779,3942,1997-10-14,107352,36,2982.0,C,27,POPLATEK TYDNE,1996-05-10,2.0,2.0,2.0,2.0,2.0,1,1,1,199,199,199,167,199,199,88,35,199
5782,3953,1998-01-04,63576,12,5298.0,C,1,POPLATEK MESICNE,1997-06-16,1.0,1.0,1.0,1.0,1.0,1,1,1,127,127,127,91,127,127,62,27,127
5784,3967,1997-03-29,84600,36,2350.0,D,54,POPLATEK MESICNE,1996-09-22,1.0,1.0,1.0,1.0,1.0,1,1,1,189,189,189,162,189,189,71,20,189
5790,4033,1997-03-20,84288,48,1756.0,C,57,POPLATEK MESICNE,1996-11-19,3.0,3.0,3.0,3.0,2.0,1,1,1,167,167,167,142,167,167,107,62,167
5799,4052,1997-12-28,106128,36,2948.0,C,36,POPLATEK TYDNE,1997-01-25,1.0,1.0,1.0,1.0,1.0,1,1,1,137,137,137,114,137,137,53,35,137
5804,4079,1995-04-05,158976,48,3312.0,C,52,POPLATEK MESICNE,1993-11-03,4.0,4.0,4.0,4.0,3.0,1,1,1,584,584,584,523,584,584,341,222,584
5805,4081,1995-11-28,137904,24,5746.0,B,11,POPLATEK MESICNE,1995-07-22,1.0,1.0,1.0,1.0,1.0,1,1,1,215,215,215,174,215,215,142,17,215
5808,4099,1997-07-31,41856,48,872.0,C,54,POPLATEK MESICNE,1996-05-26,4.0,4.0,4.0,4.0,3.0,1,1,1,255,255,255,224,255,255,155,98,255
5815,4116,1998-06-03,151200,36,4200.0,C,6,POPLATEK MESICNE,1997-10-05,2.0,2.0,2.0,2.0,2.0,1,1,1,94,94,94,79,94,94,40,16,94
5817,4127,1997-08-15,100800,24,4200.0,D,50,POPLATEK MESICNE,1996-05-03,4.0,4.0,4.0,4.0,3.0,1,1,1,142,142,142,121,142,142,108,54,142
5823,4144,1998-06-21,212976,36,5916.0,C,1,POPLATEK MESICNE,1996-08-19,2.0,2.0,2.0,2.0,2.0,2,2,2,185,185,185,158,185,185,81,30,185
5830,4190,1997-08-28,405780,60,6763.0,C,62,POPLATEK MESICNE,1995-10-04,4.0,4.0,4.0,4.0,3.0,1,1,1,316,316,316,277,316,316,193,120,316
5836,4259,1994-08-27,79632,24,3318.0,A,66,POPLATEK MESICNE,1994-04-08,3.0,3.0,3.0,3.0,2.0,1,1,1,458,458,458,401,458,458,238,186,458
5837,4260,1994-06-29,244560,60,4076.0,C,56,POPLATEK MESICNE,1993-10-14,2.0,2.0,2.0,2.0,2.0,1,1,1,365,365,365,303,365,365,231,174,365
5841,4268,1998-11-04,41988,12,3499.0,C,77,POPLATEK MESICNE,1997-02-20,2.0,2.0,2.0,2.0,2.0,2,2,2,141,141,141,119,141,141,58,19,141
5850,4293,1997-05-22,164196,36,4561.0,C,64,POPLATEK PO OBRATU,1996-02-04,2.0,2.0,2.0,2.0,2.0,1,1,1,208,208,208,181,208,208,89,41,208
5856,4320,1997-08-09,51360,12,4280.0,B,61,POPLATEK MESICNE,1996-07-23,1.0,1.0,1.0,1.0,1.0,1,1,1,196,196,196,166,196,196,69,11,196
5861,4337,1994-12-08,51408,24,2142.0,A,29,POPLATEK MESICNE,1993-11-16,1.0,1.0,1.0,1.0,1.0,1,1,1,407,407,407,346,407,407,141,24,407
5862,4342,1997-12-09,100128,24,4172.0,C,74,POPLATEK MESICNE,1996-04-29,2.0,2.0,2.0,2.0,2.0,1,1,1,245,245,245,213,245,245,103,42,245
5865,4354,1998-10-30,327660,60,5461.0,C,38,POPLATEK MESICNE,1997-01-08,2.0,2.0,2.0,2.0,2.0,1,1,1,143,143,143,120,143,143,62,21,143
5868,4361,1997-03-29,90156,12,7513.0,A,69,POPLATEK MESICNE,1996-03-11,1.0,1.0,1.0,1.0,1.0,2,2,2,208,208,208,174,208,208,75,46,208
5876,4413,1995-02-08,221280,48,4610.0,C,74,POPLATEK TYDNE,1994-01-15,2.0,2.0,2.0,2.0,2.0,2,2,2,387,387,387,328,387,387,214,160,387
5877,4414,1995-02-23,97224,24,4051.0,A,24,POPLATEK MESICNE,1993-09-10,3.0,3.0,3.0,3.0,2.0,2,2,2,478,478,478,415,478,478,263,142,478
5878,4415,1997-04-01,74040,12,6170.0,A,73,POPLATEK MESICNE,1995-07-05,5.0,5.0,5.0,5.0,3.0,1,1,1,397,397,397,355,397,397,243,164,397
5880,4423,1995-10-31,73836,36,2051.0,A,39,POPLATEK MESICNE,1995-04-26,3.0,3.0,3.0,3.0,2.0,1,1,1,335,335,335,291,335,335,194,112,335
5882,4427,1994-09-26,87816,12,7318.0,A,32,POPLATEK MESICNE,1993-06-07,2.0,2.0,2.0,2.0,2.0,2,2,2,372,372,372,306,372,372,201,74,372
5886,4447,1996-10-31,192744,36,5354.0,C,62,POPLATEK MESICNE,1996-06-16,1.0,1.0,1.0,1.0,1.0,2,2,2,187,187,187,156,187,187,85,26,187
5887,4448,1994-10-03,192744,36,5354.0,A,60,POPLATEK MESICNE,1993-06-02,1.0,1.0,1.0,1.0,1.0,2,2,2,431,431,431,366,431,431,161,36,431
5889,4456,1998-02-09,321240,60,5354.0,C,14,POPLATEK MESICNE,1996-09-03,1.0,1.0,1.0,1.0,1.0,1,1,1,192,192,192,164,192,192,64,11,192
5892,4462,1996-05-14,66480,24,2770.0,B,73,POPLATEK TYDNE,1995-12-27,1.0,1.0,1.0,1.0,1.0,1,1,1,199,199,199,164,199,199,85,16,199
5893,4467,1998-08-03,86184,36,2394.0,C,17,POPLATEK TYDNE,1997-04-13,2.0,2.0,2.0,2.0,2.0,1,1,1,113,113,113,92,113,113,58,42,113
5895,4473,1997-01-03,93960,60,1566.0,C,45,POPLATEK MESICNE,1995-10-09,3.0,3.0,3.0,3.0,2.0,1,1,1,283,283,283,245,283,283,162,91,283
5897,4476,1996-09-25,15192,24,633.0,A,24,POPLATEK MESICNE,1994-11-10,4.0,4.0,4.0,4.0,3.0,1,1,1,406,406,406,357,406,406,252,159,406
5900,4503,1996-01-01,135360,48,2820.0,C,50,POPLATEK MESICNE,1995-01-03,1.0,1.0,1.0,1.0,1.0,1,1,1,293,293,293,246,293,293,127,36,293
5906,4533,1998-05-05,81144,36,2254.0,C,68,POPLATEK MESICNE,1997-08-03,2.0,2.0,2.0,2.0,2.0,1,1,1,119,119,119,104,119,119,45,19,119
5909,4550,1998-01-03,61320,60,1022.0,C,56,POPLATEK MESICNE,1997-02-06,4.0,4.0,4.0,4.0,3.0,1,1,1,176,176,176,153,176,176,110,69,176
5918,4576,1994-06-04,300204,36,8339.0,A,27,POPLATEK MESICNE,1993-06-05,1.0,1.0,1.0,1.0,1.0,1,1,1,415,415,415,348,415,415,228,36,415
5922,4580,1995-08-05,20220,12,1685.0,A,9,POPLATEK MESICNE,1994-08-27,2.0,2.0,2.0,2.0,2.0,1,1,1,366,366,366,316,366,366,154,58,366
5923,4585,1996-10-10,64656,48,1347.0,C,27,POPLATEK MESICNE,1996-06-08,2.0,2.0,2.0,2.0,2.0,2,2,2,194,194,194,164,194,194,107,52,194
5930,4616,1998-01-12,66696,24,2779.0,C,1,POPLATEK MESICNE,1997-09-24,2.0,2.0,2.0,2.0,2.0,1,1,1,124,124,124,109,124,124,51,24,124
5931,4618,1997-03-17,66696,24,2779.0,D,3,POPLATEK MESICNE,1996-07-21,1.0,1.0,1.0,1.0,1.0,1,1,1,149,149,149,124,149,149,95,15,149
5932,4626,1997-06-18,33348,12,2779.0,A,9,POPLATEK MESICNE,1996-06-15,1.0,1.0,1.0,1.0,1.0,1,1,1,167,167,167,137,167,167,70,12,167
5933,4631,1997-12-13,87528,24,3647.0,C,77,POPLATEK PO OBRATU,1996-12-12,1.0,1.0,1.0,1.0,1.0,2,2,2,133,133,133,109,133,133,55,36,133
5938,4650,1996-08-25,402000,60,6700.0,C,4,POPLATEK MESICNE,1995-10-15,3.0,3.0,3.0,3.0,2.0,1,1,1,269,269,269,231,269,269,166,95,269
5940,4660,1997-05-28,106944,24,4456.0,C,63,POPLATEK MESICNE,1997-01-03,4.0,4.0,4.0,4.0,3.0,1,1,1,188,188,188,164,188,188,121,102,188
5942,4681,1997-03-15,162624,48,3388.0,C,70,POPLATEK MESICNE,1995-08-08,3.0,3.0,3.0,3.0,2.0,1,1,1,294,294,294,253,294,294,171,135,294
5953,4715,1997-03-14,97176,24,4049.0,C,8,POPLATEK MESICNE,1996-10-28,1.0,1.0,1.0,1.0,1.0,1,1,1,153,153,153,127,153,153,68,47,153
5956,4725,1997-11-04,168264,36,4674.0,C,73,POPLATEK MESICNE,1997-04-14,2.0,2.0,2.0,2.0,2.0,1,1,1,111,111,111,91,111,111,65,50,111
5959,4727,1995-08-11,107640,24,4485.0,A,2,POPLATEK MESICNE,1995-02-13,3.0,3.0,3.0,3.0,2.0,1,1,1,353,353,353,307,353,353,195,154,353
5963,4746,1997-09-07,204780,60,3413.0,C,54,POPLATEK MESICNE,1997-02-21,1.0,1.0,1.0,1.0,1.0,1,1,1,153,153,153,131,153,153,54,16,153
5970,4774,1995-07-09,465072,48,9689.0,C,66,POPLATEK MESICNE,1994-01-14,1.0,1.0,1.0,1.0,1.0,2,2,2,392,392,392,333,392,392,210,42,392
5973,4784,1997-11-24,219456,48,4572.0,C,46,POPLATEK MESICNE,1997-08-08,1.0,1.0,1.0,1.0,1.0,2,2,2,84,84,84,67,84,84,42,30,84
5976,4794,1997-12-27,465504,48,9698.0,D,72,POPLATEK MESICNE,1996-12-18,5.0,5.0,5.0,5.0,3.0,1,1,1,197,197,197,173,197,197,136,91,197
5977,4803,1997-02-25,59136,48,1232.0,C,26,POPLATEK MESICNE,1996-06-08,1.0,1.0,1.0,1.0,1.0,1,1,1,175,175,175,144,175,175,79,22,175
5980,4825,1995-08-18,21396,12,1783.0,A,15,POPLATEK MESICNE,1994-06-04,1.0,1.0,1.0,1.0,1.0,2,2,2,301,301,301,246,301,301,117,67,301
5988,4851,1996-08-22,141648,24,5902.0,A,52,POPLATEK MESICNE,1996-02-04,2.0,2.0,2.0,2.0,2.0,2,2,2,232,232,232,198,232,232,114,52,232
5989,4852,1996-03-04,213300,36,5925.0,C,47,POPLATEK MESICNE,1995-04-13,2.0,2.0,2.0,2.0,2.0,1,1,1,275,275,275,231,275,275,156,73,275
5991,4858,1998-07-27,335184,48,6983.0,D,67,POPLATEK MESICNE,1997-06-21,1.0,1.0,1.0,1.0,1.0,1,1,1,134,134,134,98,134,134,61,22,134
5992,4863,1997-03-18,76080,12,6340.0,A,5,POPLATEK MESICNE,1996-03-12,3.0,3.0,3.0,3.0,2.0,1,1,1,261,261,261,228,261,261,131,103,261
5997,4894,1993-11-04,117024,24,4876.0,A,14,POPLATEK MESICNE,1993-06-20,1.0,1.0,1.0,1.0,1.0,1,1,1,410,410,410,344,410,410,151,90,410
5999,4907,1996-01-03,98832,48,2059.0,C,42,POPLATEK MESICNE,1994-02-06,4.0,4.0,4.0,4.0,3.0,1,1,1,464,464,464,405,464,464,312,199,464
6004,4937,1994-07-23,143904,24,5996.0,A,12,POPLATEK MESICNE,1993-02-20,3.0,3.0,3.0,3.0,2.0,1,1,1,560,560,560,489,560,560,300,161,560
6006,4948,1996-11-15,359760,60,5996.0,C,43,POPLATEK MESICNE,1995-07-29,2.0,2.0,2.0,2.0,2.0,1,1,1,237,237,237,203,237,237,117,54,237
6007,4949,1997-08-30,289920,48,6040.0,C,33,POPLATEK MESICNE,1996-10-14,1.0,1.0,1.0,1.0,1.0,1,1,1,154,154,154,128,154,154,63,42,154
6010,4969,1997-03-06,150180,60,2503.0,C,60,POPLATEK TYDNE,1996-08-19,3.0,3.0,3.0,3.0,2.0,1,1,1,210,210,210,185,210,210,111,65,210
6011,4981,1996-11-28,179328,48,3736.0,C,54,POPLATEK MESICNE,1996-01-22,2.0,2.0,2.0,2.0,2.0,1,1,1,227,227,227,192,227,227,121,56,227
6012,4994,1996-08-03,258444,36,7179.0,C,1,POPLATEK TYDNE,1996-01-11,1.0,1.0,1.0,1.0,1.0,1,1,1,206,206,206,172,206,206,90,28,206
6013,4995,1996-02-03,128988,36,3583.0,D,20,POPLATEK TYDNE,1994-08-01,1.0,1.0,1.0,1.0,1.0,1,1,1,308,308,308,255,308,308,130,33,308
6014,4999,1997-05-18,165168,36,4588.0,C,1,POPLATEK MESICNE,1996-02-12,3.0,3.0,3.0,3.0,2.0,2,2,2,253,253,253,219,253,253,142,113,253
6015,5001,1996-11-09,110112,24,4588.0,A,53,POPLATEK MESICNE,1995-12-15,2.0,2.0,2.0,2.0,2.0,1,1,1,254,254,254,218,254,254,124,56,254
6019,5033,1996-07-25,11400,12,950.0,A,54,POPLATEK MESICNE,1995-08-03,4.0,4.0,4.0,4.0,3.0,1,1,1,321,321,321,280,321,321,199,122,321
6027,5066,1996-02-10,61656,24,2569.0,B,13,POPLATEK TYDNE,1995-08-27,5.0,5.0,5.0,5.0,3.0,1,1,1,333,333,333,295,333,333,223,151,333
6028,5072,1997-02-09,317520,60,5292.0,C,6,POPLATEK MESICNE,1996-04-12,5.0,5.0,5.0,5.0,3.0,1,1,1,299,299,299,266,299,299,197,136,299
6037,5118,1997-05-04,53232,48,1109.0,C,72,POPLATEK MESICNE,1995-08-05,3.0,3.0,3.0,3.0,2.0,1,1,1,305,305,305,264,305,305,170,93,305
6038,5120,1994-08-10,323472,48,6739.0,A,1,POPLATEK MESICNE,1993-06-21,2.0,2.0,2.0,2.0,2.0,1,1,1,453,453,453,391,453,453,226,106,453
6043,5126,1996-01-11,20352,48,424.0,C,58,POPLATEK MESICNE,1995-04-03,2.0,2.0,2.0,2.0,2.0,2,2,2,292,292,292,247,292,292,161,76,292
6044,5133,1998-01-27,57060,12,4755.0,C,68,POPLATEK TYDNE,1996-12-08,4.0,4.0,4.0,4.0,3.0,1,1,1,196,196,196,171,196,196,108,65,196
6052,5164,1998-03-23,22356,36,621.0,C,5,POPLATEK MESICNE,1997-05-13,2.0,2.0,2.0,2.0,2.0,1,1,1,104,104,104,84,104,104,60,25,104
6054,5180,1998-07-16,58764,12,4897.0,C,54,POPLATEK MESICNE,1997-02-24,1.0,1.0,1.0,1.0,1.0,2,2,2,74,74,74,56,74,74,29,5,74
6055,5181,1997-04-28,399120,60,6652.0,C,75,POPLATEK MESICNE,1996-02-03,1.0,1.0,1.0,1.0,1.0,1,1,1,154,154,154,122,154,154,78,20,154
6059,5196,1997-12-28,79824,12,6652.0,A,13,POPLATEK TYDNE,1997-06-29,2.0,2.0,2.0,2.0,2.0,1,1,1,130,130,130,112,130,130,60,27,130
6063,5213,1996-04-25,320976,48,6687.0,D,1,POPLATEK MESICNE,1995-08-18,1.0,1.0,1.0,1.0,1.0,1,1,1,301,301,301,221,301,301,148,69,301
6064,5215,1994-08-04,14628,12,1219.0,A,55,POPLATEK MESICNE,1993-07-01,5.0,5.0,5.0,5.0,3.0,1,1,1,637,637,637,571,637,637,384,257,637
6066,5228,1994-07-11,173808,24,7242.0,A,77,POPLATEK PO OBRATU,1993-06-23,1.0,1.0,1.0,1.0,1.0,2,2,2,454,454,454,388,454,454,151,90,454
6072,5256,1994-05-10,193968,36,5388.0,A,72,POPLATEK PO OBRATU,1993-10-25,1.0,1.0,1.0,1.0,1.0,1,1,1,408,408,408,288,408,408,212,36,408
6073,5263,1996-11-12,276300,60,4605.0,C,64,POPLATEK MESICNE,1995-07-14,2.0,2.0,2.0,2.0,2.0,1,1,1,273,273,273,232,273,273,139,62,273
6075,5267,1997-11-26,129312,24,5388.0,D,4,POPLATEK MESICNE,1996-01-12,1.0,1.0,1.0,1.0,1.0,1,1,1,233,233,233,197,233,233,84,12,233
6076,5269,1997-02-02,117420,60,1957.0,C,49,POPLATEK MESICNE,1996-07-04,3.0,3.0,3.0,3.0,2.0,1,1,1,213,213,213,183,213,213,128,73,213
6077,5270,1993-11-22,79608,24,3317.0,A,44,POPLATEK MESICNE,1993-01-13,1.0,1.0,1.0,1.0,1.0,1,1,1,462,462,462,390,462,462,163,96,462
6078,5283,1998-09-09,170832,48,3559.0,C,15,POPLATEK MESICNE,1997-09-18,2.0,2.0,2.0,2.0,2.0,1,1,1,93,93,93,78,93,93,40,30,93
6083,5305,1998-03-31,240528,48,5011.0,C,47,POPLATEK MESICNE,1996-09-16,1.0,1.0,1.0,1.0,1.0,1,1,1,149,149,149,122,149,149,58,36,149
6087,5313,1994-02-27,300660,60,5011.0,C,40,POPLATEK MESICNE,1993-04-29,4.0,4.0,4.0,4.0,3.0,1,1,1,601,601,601,533,601,601,378,247,601
6088,5317,1997-03-07,90180,36,2505.0,C,28,POPLATEK MESICNE,1996-10-20,2.0,2.0,2.0,2.0,2.0,1,1,1,152,152,152,126,152,152,91,70,152
6095,5358,1997-01-24,68340,60,1139.0,C,4,POPLATEK MESICNE,1995-05-18,2.0,2.0,2.0,2.0,2.0,1,1,1,267,267,267,224,267,267,142,61,267
6097,5362,1997-08-21,202848,48,4226.0,C,76,POPLATEK TYDNE,1996-09-06,3.0,3.0,3.0,3.0,2.0,2,2,2,192,192,192,164,192,192,114,91,192
6103,5385,1994-04-07,149340,60,2489.0,C,44,POPLATEK TYDNE,1993-05-21,2.0,2.0,2.0,2.0,2.0,1,1,1,427,427,427,360,427,427,249,187,427
6104,5395,1997-09-05,158184,36,4394.0,C,47,POPLATEK MESICNE,1996-04-26,1.0,1.0,1.0,1.0,1.0,1,1,1,196,196,196,163,196,196,79,16,196
6109,5422,1996-06-03,368880,60,6148.0,C,66,POPLATEK MESICNE,1994-10-22,4.0,4.0,4.0,4.0,3.0,2,2,2,480,480,480,429,480,480,270,172,480
6111,5428,1993-09-24,174744,24,7281.0,B,24,POPLATEK MESICNE,1993-04-14,1.0,1.0,1.0,1.0,1.0,1,1,1,458,458,458,389,458,458,217,18,458
6112,5442,1994-06-17,174744,24,7281.0,B,34,POPLATEK MESICNE,1993-03-22,4.0,4.0,4.0,4.0,3.0,1,1,1,530,530,530,461,530,530,354,201,530
6113,5445,1997-10-01,78696,36,2186.0,C,72,POPLATEK MESICNE,1997-02-19,5.0,5.0,5.0,5.0,3.0,1,1,1,193,193,193,171,193,193,126,109,193
6118,5477,1997-10-04,349392,48,7279.0,C,57,POPLATEK MESICNE,1995-12-17,2.0,2.0,2.0,2.0,2.0,1,1,1,283,283,283,246,283,283,114,46,283
6120,5481,1994-09-11,209184,48,4358.0,A,52,POPLATEK MESICNE,1993-08-16,1.0,1.0,1.0,1.0,1.0,1,1,1,403,403,403,339,403,403,171,112,403
6130,5541,1996-07-18,32640,48,680.0,C,43,POPLATEK MESICNE,1995-03-24,3.0,3.0,3.0,3.0,2.0,1,1,1,343,343,343,298,343,343,194,109,343
6136,5572,1998-04-19,140880,60,2348.0,C,15,POPLATEK MESICNE,1997-08-11,2.0,2.0,2.0,2.0,2.0,1,1,1,94,94,94,77,94,94,49,20,94
6137,5574,1996-04-10,44628,12,3719.0,A,13,POPLATEK TYDNE,1994-07-14,2.0,2.0,2.0,2.0,2.0,1,1,1,382,382,382,329,382,382,162,114,382
6142,5591,1997-01-21,221880,60,3698.0,C,9,POPLATEK MESICNE,1996-03-16,5.0,5.0,5.0,5.0,3.0,2,2,2,299,299,299,266,299,299,200,172,299
6144,5593,1996-08-09,44376,12,3698.0,A,15,POPLATEK MESICNE,1996-02-27,2.0,2.0,2.0,2.0,2.0,1,1,1,291,291,291,257,291,291,109,44,291
6147,5602,1997-12-28,177504,48,3698.0,C,19,POPLATEK PO OBRATU,1996-07-10,1.0,1.0,1.0,1.0,1.0,1,1,1,181,181,181,151,181,181,70,12,181
6150,5622,1994-11-02,83016,12,6918.0,A,70,POPLATEK MESICNE,1993-02-08,3.0,3.0,3.0,3.0,2.0,1,1,1,565,565,565,494,565,565,286,148,565
6151,5628,1995-04-25,225420,60,3757.0,C,61,POPLATEK MESICNE,1994-06-17,1.0,1.0,1.0,1.0,1.0,1,1,1,313,313,313,259,313,313,147,44,313
6153,5632,1995-07-25,285600,60,4760.0,C,5,POPLATEK TYDNE,1994-11-15,1.0,1.0,1.0,1.0,1.0,2,2,2,326,326,326,277,326,326,137,41,326
6157,5650,1995-07-10,98592,24,4108.0,A,10,POPLATEK PO OBRATU,1995-01-08,2.0,2.0,2.0,2.0,2.0,1,1,1,327,327,327,279,327,327,158,115,327
6168,5698,1998-11-21,99216,36,2756.0,C,1,POPLATEK MESICNE,1997-09-04,2.0,2.0,2.0,2.0,2.0,2,2,2,99,99,99,83,99,99,36,11,99
6169,5700,1995-03-16,103680,60,1728.0,D,42,POPLATEK MESICNE,1993-07-20,1.0,1.0,1.0,1.0,1.0,1,1,1,355,355,355,299,355,355,153,36,355
6173,5724,1997-01-08,232560,48,4845.0,C,14,POPLATEK PO OBRATU,1995-04-19,5.0,5.0,5.0,5.0,3.0,1,1,1,417,417,417,373,417,417,263,224,417
6175,5735,1996-02-21,290700,60,4845.0,D,52,POPLATEK MESICNE,1995-01-25,1.0,1.0,1.0,1.0,1.0,1,1,1,315,315,315,267,315,315,129,31,315
6178,5742,1995-12-16,232560,48,4845.0,C,74,POPLATEK PO OBRATU,1995-07-05,1.0,1.0,1.0,1.0,1.0,1,1,1,243,243,243,201,243,243,117,36,243
6185,5774,1995-11-28,31176,24,1299.0,A,1,POPLATEK MESICNE,1995-06-08,3.0,3.0,3.0,3.0,2.0,1,1,1,303,303,303,260,303,303,181,100,303
6190,5794,1996-05-06,123600,60,2060.0,C,70,POPLATEK MESICNE,1995-07-14,1.0,1.0,1.0,1.0,1.0,2,2,2,229,229,229,187,229,229,112,32,229
6196,5837,1997-09-14,177804,36,4939.0,C,5,POPLATEK MESICNE,1996-07-18,1.0,1.0,1.0,1.0,1.0,1,1,1,173,173,173,144,173,173,70,15,173
6202,5891,1994-04-18,65184,12,5432.0,A,54,POPLATEK MESICNE,1993-01-25,1.0,1.0,1.0,1.0,1.0,1,1,1,464,464,464,393,464,464,149,83,464
6207,5912,1998-06-23,184620,60,3077.0,C,45,POPLATEK MESICNE,1996-10-25,2.0,2.0,2.0,2.0,2.0,1,1,1,153,153,153,127,153,153,74,53,153
6210,5927,1994-06-06,87216,48,1817.0,B,15,POPLATEK MESICNE,1993-11-26,1.0,1.0,1.0,1.0,1.0,1,1,1,502,502,502,382,502,502,306,104,502
6215,5944,1998-06-18,78720,48,1640.0,C,27,POPLATEK MESICNE,1997-06-06,2.0,2.0,2.0,2.0,2.0,1,1,1,112,112,112,93,112,112,53,20,112
6216,5952,1994-09-30,141240,24,5885.0,A,50,POPLATEK MESICNE,1993-09-07,5.0,5.0,5.0,5.0,3.0,1,1,1,628,628,628,564,628,628,385,326,628
6223,5991,1994-11-03,61056,48,1272.0,A,1,POPLATEK MESICNE,1993-11-21,3.0,3.0,3.0,3.0,2.0,1,1,1,459,459,459,398,459,459,277,160,459
6227,6030,1995-03-04,28248,24,1177.0,A,47,POPLATEK MESICNE,1993-08-24,1.0,1.0,1.0,1.0,1.0,1,1,1,353,353,353,289,353,353,147,24,353
6228,6034,1993-12-01,464520,60,7742.0,B,6,POPLATEK TYDNE,1993-03-19,1.0,1.0,1.0,1.0,1.0,1,1,1,441,441,441,372,441,441,184,48,441
6229,6040,1994-10-02,11736,24,489.0,A,1,POPLATEK MESICNE,1993-04-22,4.0,4.0,4.0,4.0,3.0,1,1,1,580,580,580,512,580,580,346,215,580
6232,6051,1994-07-08,276660,36,7685.0,B,56,POPLATEK MESICNE,1993-08-28,1.0,1.0,1.0,1.0,1.0,1,1,1,391,391,391,327,391,391,221,35,391
6234,6061,1998-05-28,5148,12,429.0,C,1,POPLATEK MESICNE,1997-03-08,2.0,2.0,2.0,2.0,2.0,1,1,1,126,126,126,105,126,126,60,23,126
6235,6062,1998-04-19,321360,60,5356.0,C,24,POPLATEK MESICNE,1996-08-28,2.0,2.0,2.0,2.0,2.0,1,1,1,202,202,202,174,202,202,83,60,202
6237,6075,1998-01-06,407952,48,8499.0,D,19,POPLATEK MESICNE,1996-09-15,1.0,1.0,1.0,1.0,1.0,1,1,1,128,128,128,101,128,128,74,3,128
6239,6083,1997-09-28,360864,48,7518.0,D,6,POPLATEK TYDNE,1996-09-19,1.0,1.0,1.0,1.0,1.0,1,1,1,220,220,220,175,220,220,115,12,220
6242,6097,1997-10-22,26208,36,728.0,C,29,POPLATEK MESICNE,1997-06-15,2.0,2.0,2.0,2.0,2.0,1,1,1,103,103,103,85,103,103,59,28,103
6244,6118,1995-01-08,270648,36,7518.0,B,1,POPLATEK TYDNE,1994-03-07,1.0,1.0,1.0,1.0,1.0,1,1,1,408,408,408,294,408,408,264,33,408
6249,6138,1997-07-30,67608,24,2817.0,C,54,POPLATEK MESICNE,1997-01-22,2.0,2.0,2.0,2.0,2.0,2,2,2,115,115,115,92,115,115,76,58,115
6253,6148,1994-11-04,59760,24,2490.0,A,74,POPLATEK MESICNE,1993-12-27,2.0,2.0,2.0,2.0,2.0,2,2,2,416,416,416,356,416,416,194,79,416
6254,6157,1997-12-28,247920,48,5165.0,C,34,POPLATEK MESICNE,1996-11-11,2.0,2.0,2.0,2.0,2.0,1,1,1,194,194,194,169,194,194,80,34,194
6255,6158,1997-02-08,247920,48,5165.0,D,67,POPLATEK MESICNE,1996-05-13,1.0,1.0,1.0,1.0,1.0,1,1,1,111,111,111,84,111,111,51,11,111
6272,6226,1994-12-20,398640,60,6644.0,C,74,POPLATEK TYDNE,1993-07-26,1.0,1.0,1.0,1.0,1.0,1,1,1,401,401,401,336,401,401,173,113,401
6278,6265,1997-06-10,87360,24,3640.0,C,5,POPLATEK MESICNE,1996-11-01,2.0,2.0,2.0,2.0,2.0,1,1,1,198,198,198,173,198,198,92,43,198
6279,6273,1994-06-07,87360,24,3640.0,A,38,POPLATEK MESICNE,1993-07-21,1.0,1.0,1.0,1.0,1.0,1,1,1,398,398,398,333,398,398,145,24,398
6283,6289,1996-08-11,85632,48,1784.0,C,64,POPLATEK MESICNE,1995-04-05,1.0,1.0,1.0,1.0,1.0,1,1,1,280,280,280,236,280,280,111,29,280
6294,6353,1995-02-12,79920,60,1332.0,C,26,POPLATEK MESICNE,1993-11-26,3.0,3.0,3.0,3.0,2.0,1,1,1,462,462,462,401,462,462,276,159,462
6296,6358,1996-08-06,270384,48,5633.0,C,3,POPLATEK MESICNE,1995-05-27,2.0,2.0,2.0,2.0,2.0,1,1,1,282,282,282,239,282,282,149,111,282
6297,6363,1994-10-25,17508,12,1459.0,A,74,POPLATEK MESICNE,1993-08-01,1.0,1.0,1.0,1.0,1.0,1,1,1,354,354,354,289,354,354,137,12,354
6302,6397,1996-09-16,181020,60,3017.0,C,48,POPLATEK MESICNE,1995-03-15,1.0,1.0,1.0,1.0,1.0,2,2,2,264,264,264,219,264,264,112,72,264
6303,6400,1996-02-12,72408,24,3017.0,B,31,POPLATEK PO OBRATU,1995-10-09,4.0,4.0,4.0,4.0,3.0,1,1,1,287,287,287,248,287,287,174,104,287
6306,6425,1994-12-20,36684,12,3057.0,A,31,POPLATEK MESICNE,1993-03-29,1.0,1.0,1.0,1.0,1.0,1,1,1,431,431,431,362,431,431,197,12,431
6309,6434,1996-11-11,110136,24,4589.0,A,1,POPLATEK MESICNE,1995-05-08,2.0,2.0,2.0,2.0,2.0,1,1,1,244,244,244,206,244,244,124,55,244
6310,6440,1997-06-17,34572,12,2881.0,A,1,POPLATEK MESICNE,1996-11-01,1.0,1.0,1.0,1.0,1.0,1,1,1,145,145,145,120,145,145,59,12,145
6312,6453,1998-05-17,10944,36,304.0,C,34,POPLATEK MESICNE,1996-07-27,4.0,4.0,4.0,4.0,3.0,1,1,1,226,226,226,197,226,226,135,82,226
6313,6461,1997-06-15,150912,36,4192.0,C,50,POPLATEK MESICNE,1996-07-17,1.0,1.0,1.0,1.0,1.0,2,2,2,198,198,198,169,198,198,74,18,198
6315,6472,1995-02-06,43164,12,3597.0,A,61,POPLATEK MESICNE,1994-02-08,1.0,1.0,1.0,1.0,1.0,1,1,1,381,381,381,322,381,381,125,71,381
6316,6473,1994-05-26,76908,12,6409.0,B,12,POPLATEK MESICNE,1993-01-26,1.0,1.0,1.0,1.0,1.0,1,1,1,473,473,473,401,473,473,150,10,473
6320,6495,1998-04-28,104964,12,8747.0,C,6,POPLATEK MESICNE,1996-07-23,2.0,2.0,2.0,2.0,2.0,1,1,1,177,177,177,148,177,177,86,33,177
6321,6505,1998-10-08,38496,12,3208.0,C,7,POPLATEK MESICNE,1997-09-13,1.0,1.0,1.0,1.0,1.0,1,1,1,49,49,49,33,49,49,23,3,49
6322,6510,1997-05-06,76992,24,3208.0,C,74,POPLATEK MESICNE,1996-12-18,1.0,1.0,1.0,1.0,1.0,1,1,1,164,164,164,139,164,164,68,20,164
6336,6555,1994-03-31,212400,36,5900.0,A,38,POPLATEK TYDNE,1993-03-05,1.0,1.0,1.0,1.0,1.0,1,1,1,438,438,438,368,438,438,172,36,438
6338,6592,1997-08-24,390660,60,6511.0,C,1,POPLATEK MESICNE,1996-10-20,2.0,2.0,2.0,2.0,2.0,1,1,1,224,224,224,198,224,224,89,40,224
6342,6609,1995-11-12,60156,36,1671.0,B,16,POPLATEK MESICNE,1995-03-27,3.0,3.0,3.0,3.0,2.0,1,1,1,281,281,281,242,281,281,185,95,281
6346,6649,1997-05-22,100260,60,1671.0,C,1,POPLATEK MESICNE,1995-07-08,1.0,1.0,1.0,1.0,1.0,1,1,1,186,186,186,150,186,186,78,19,186
6350,6678,1997-07-09,294384,48,6133.0,C,54,POPLATEK MESICNE,1996-01-03,1.0,1.0,1.0,1.0,1.0,1,1,1,274,274,274,238,274,274,86,18,274
6353,6686,1997-12-25,116496,24,4854.0,C,61,POPLATEK MESICNE,1996-02-10,1.0,1.0,1.0,1.0,1.0,1,1,1,188,188,188,154,188,188,75,46,188
6354,6688,1996-10-23,22968,36,638.0,C,16,POPLATEK MESICNE,1996-06-25,4.0,4.0,4.0,4.0,3.0,1,1,1,249,249,249,219,249,249,158,103,249
6355,6699,1997-09-24,127200,48,2650.0,C,35,POPLATEK MESICNE,1996-06-08,3.0,3.0,3.0,3.0,2.0,1,1,1,222,222,222,192,222,222,121,96,222
6356,6701,1993-12-08,95400,36,2650.0,A,49,POPLATEK TYDNE,1993-03-15,1.0,1.0,1.0,1.0,1.0,1,1,1,479,479,479,409,479,479,172,36,479
6357,6706,1998-07-12,64860,60,1081.0,C,38,POPLATEK MESICNE,1996-12-28,4.0,4.0,4.0,4.0,3.0,1,1,1,180,180,180,156,180,180,107,64,180
6358,6715,1995-01-14,137880,60,2298.0,D,48,POPLATEK TYDNE,1993-09-15,1.0,1.0,1.0,1.0,1.0,1,1,1,402,402,402,339,402,402,168,109,402
6362,6738,1995-10-31,37908,12,3159.0,A,62,POPLATEK MESICNE,1994-07-28,1.0,1.0,1.0,1.0,1.0,1,1,1,288,288,288,235,288,288,113,65,288
6377,6792,1997-03-17,17184,12,1432.0,A,1,POPLATEK MESICNE,1996-05-11,4.0,4.0,4.0,4.0,3.0,1,1,1,256,256,256,224,256,256,152,93,256
6386,6856,1997-04-30,124344,36,3454.0,C,43,POPLATEK MESICNE,1995-08-19,4.0,4.0,4.0,4.0,3.0,1,1,1,319,319,319,278,319,319,209,131,319
6399,6902,1997-12-21,49320,36,1370.0,C,60,POPLATEK MESICNE,1996-10-22,3.0,3.0,3.0,3.0,2.0,1,1,1,175,175,175,149,175,175,103,56,175
6402,6922,1998-12-06,139488,24,5812.0,C,3,POPLATEK TYDNE,1997-05-12,1.0,1.0,1.0,1.0,1.0,1,1,1,108,108,108,89,108,108,34,20,108
6403,6924,1995-12-05,194880,48,4060.0,C,74,POPLATEK MESICNE,1994-06-01,2.0,2.0,2.0,2.0,2.0,1,1,1,376,376,376,321,376,376,193,143,376
6407,6930,1994-05-26,25944,24,1081.0,A,41,POPLATEK MESICNE,1993-09-08,1.0,1.0,1.0,1.0,1.0,1,1,1,357,357,357,293,357,357,147,24,357
6415,6950,1997-02-12,475680,48,9910.0,C,36,POPLATEK MESICNE,1996-10-12,2.0,2.0,2.0,2.0,2.0,2,2,2,161,161,161,135,161,161,91,44,161
6421,6985,1996-07-25,96768,36,2688.0,C,38,POPLATEK MESICNE,1995-07-27,2.0,2.0,2.0,2.0,2.0,2,2,2,283,283,283,242,283,283,141,64,283
6435,7045,1997-06-16,288720,48,6015.0,C,51,POPLATEK MESICNE,1996-12-26,1.0,1.0,1.0,1.0,1.0,1,1,1,142,142,142,118,142,142,61,42,142
6436,7049,1998-05-22,495180,60,8253.0,C,69,POPLATEK MESICNE,1997-10-12,1.0,1.0,1.0,1.0,1.0,1,1,1,76,76,76,62,76,76,30,21,76
6437,7052,1997-11-09,63972,36,1777.0,D,55,POPLATEK PO OBRATU,1997-07-17,1.0,1.0,1.0,1.0,1.0,1,1,1,104,104,104,87,104,104,43,29,104
6442,7082,1998-02-08,194160,48,4045.0,C,57,POPLATEK MESICNE,1996-09-06,5.0,5.0,5.0,5.0,3.0,1,1,1,233,233,233,206,233,233,152,103,233
6450,7099,1998-06-10,234336,48,4882.0,C,1,POPLATEK MESICNE,1996-08-20,4.0,4.0,4.0,4.0,3.0,1,1,1,223,223,223,195,223,223,130,107,223
6456,7123,1993-12-09,47016,12,3918.0,A,64,POPLATEK PO OBRATU,1993-04-14,2.0,2.0,2.0,2.0,2.0,1,1,1,470,470,470,401,470,470,197,64,470
6460,7133,1994-11-06,48672,36,1352.0,A,1,POPLATEK MESICNE,1993-09-17,5.0,5.0,5.0,5.0,3.0,2,2,2,567,567,567,504,567,567,393,272,567
6461,7136,1996-09-19,74124,36,2059.0,C,12,POPLATEK TYDNE,1995-04-09,4.0,4.0,4.0,4.0,3.0,1,1,1,379,379,379,336,379,379,222,141,379
6464,7156,1998-04-16,49488,24,2062.0,C,71,POPLATEK MESICNE,1997-09-11,1.0,1.0,1.0,1.0,1.0,1,1,1,87,87,87,71,87,87,35,24,87
6468,7176,1997-11-30,203940,60,3399.0,C,1,POPLATEK MESICNE,1996-12-07,2.0,2.0,2.0,2.0,2.0,1,1,1,149,149,149,125,149,149,76,33,149
6469,7180,1998-11-17,99744,24,4156.0,C,7,POPLATEK TYDNE,1997-06-12,2.0,2.0,2.0,2.0,2.0,1,1,1,111,111,111,93,111,111,46,33,111
6470,7181,1998-05-17,49872,12,4156.0,C,77,POPLATEK PO OBRATU,1996-07-02,5.0,5.0,5.0,5.0,3.0,1,1,1,296,296,296,266,296,296,177,119,296
6471,7184,1996-08-04,155640,24,6485.0,A,5,POPLATEK MESICNE,1995-06-19,5.0,5.0,5.0,5.0,3.0,1,1,1,370,370,370,328,370,370,255,176,370
6474,7190,1995-06-06,63360,60,1056.0,C,49,POPLATEK MESICNE,1993-09-06,2.0,2.0,2.0,2.0,2.0,2,2,2,401,401,401,338,401,401,223,102,401
6486,7240,1998-01-15,152160,60,2536.0,C,17,POPLATEK MESICNE,1996-04-23,2.0,2.0,2.0,2.0,2.0,2,2,2,187,187,187,155,187,187,97,70,187
6490,7262,1997-02-10,73260,60,1221.0,C,70,POPLATEK MESICNE,1996-08-30,3.0,3.0,3.0,3.0,2.0,1,1,1,190,190,190,162,190,190,120,69,190
6495,7274,1998-03-12,49044,12,4087.0,C,11,POPLATEK MESICNE,1997-09-28,2.0,2.0,2.0,2.0,2.0,1,1,1,87,87,87,72,87,87,47,21,87
6499,7401,1994-01-05,80952,24,3373.0,A,1,POPLATEK MESICNE,1993-02-26,2.0,2.0,2.0,2.0,2.0,2,2,2,478,478,478,408,478,478,224,159,478
6501,7418,1996-04-29,30276,12,2523.0,B,21,POPLATEK MESICNE,1995-04-07,1.0,1.0,1.0,1.0,1.0,1,1,1,377,377,377,245,377,377,252,53,377
6502,7424,1997-12-08,30276,12,2523.0,A,68,POPLATEK MESICNE,1996-07-28,4.0,4.0,4.0,4.0,3.0,1,1,1,274,274,274,246,274,274,147,93,274
6508,7437,1998-04-19,110736,48,2307.0,C,19,POPLATEK TYDNE,1997-08-08,4.0,4.0,4.0,4.0,3.0,1,1,1,130,130,130,113,130,130,74,62,130
6509,7445,1994-03-15,55368,24,2307.0,A,64,POPLATEK MESICNE,1993-03-18,1.0,1.0,1.0,1.0,1.0,1,1,1,539,539,539,405,539,539,232,24,539
6512,7454,1994-05-26,63312,48,1319.0,A,4,POPLATEK MESICNE,1993-04-19,3.0,3.0,3.0,3.0,2.0,1,1,1,449,449,449,381,449,449,306,175,449
6520,7485,1994-03-16,91200,24,3800.0,A,39,POPLATEK MESICNE,1993-07-28,2.0,2.0,2.0,2.0,2.0,2,2,2,415,415,415,350,415,415,209,149,415
6526,7523,1995-01-03,288468,36,8013.0,A,63,POPLATEK MESICNE,1994-08-29,1.0,1.0,1.0,1.0,1.0,1,1,1,386,386,386,282,386,386,235,36,386
6534,7542,1997-10-19,590820,60,9847.0,C,54,POPLATEK MESICNE,1996-05-16,3.0,3.0,3.0,3.0,2.0,1,1,1,220,220,220,189,220,220,123,66,220
6535,7546,1995-11-02,41952,12,3496.0,A,43,POPLATEK MESICNE,1994-09-03,4.0,4.0,4.0,4.0,3.0,1,1,1,431,431,431,379,431,431,255,208,431
6539,7559,1998-07-11,12792,12,1066.0,C,56,POPLATEK MESICNE,1997-05-24,2.0,2.0,2.0,2.0,2.0,1,1,1,114,114,114,95,114,114,53,20,114
6540,7562,1995-12-31,309600,48,6450.0,C,72,POPLATEK TYDNE,1995-01-17,1.0,1.0,1.0,1.0,1.0,1,1,1,295,295,295,248,295,295,125,83,295
6541,7565,1997-08-17,153504,48,3198.0,C,59,POPLATEK MESICNE,1996-04-02,3.0,3.0,3.0,3.0,2.0,1,1,1,224,224,224,191,224,224,134,106,224
6544,7594,1997-12-11,130464,48,2718.0,C,16,POPLATEK MESICNE,1996-02-16,5.0,5.0,5.0,5.0,3.0,1,1,1,323,323,323,291,323,323,189,129,323
6545,7606,1995-12-12,191880,60,3198.0,C,21,POPLATEK MESICNE,1995-03-15,3.0,3.0,3.0,3.0,2.0,1,1,1,402,402,402,356,402,402,215,125,402
6546,7607,1995-03-27,31728,24,1322.0,A,1,POPLATEK MESICNE,1993-09-05,2.0,2.0,2.0,2.0,2.0,2,2,2,433,433,433,369,433,433,206,83,433
6550,7614,1996-05-18,320592,48,6679.0,C,62,POPLATEK MESICNE,1995-02-08,1.0,1.0,1.0,1.0,1.0,2,2,2,283,283,283,237,283,283,118,77,283
6552,7632,1998-01-08,170448,48,3551.0,C,68,POPLATEK MESICNE,1996-09-22,2.0,2.0,2.0,2.0,2.0,2,2,2,161,161,161,134,161,161,83,34,161
6553,7636,1998-01-26,42384,12,3532.0,C,40,POPLATEK MESICNE,1996-10-08,3.0,3.0,3.0,3.0,2.0,1,1,1,205,205,205,178,205,205,110,59,205
6554,7637,1997-01-29,390096,48,8127.0,C,46,POPLATEK MESICNE,1996-08-19,2.0,2.0,2.0,2.0,2.0,2,2,2,171,171,171,143,171,171,97,46,171
6562,7674,1997-03-21,94488,24,3937.0,C,1,POPLATEK MESICNE,1996-07-21,3.0,3.0,3.0,3.0,2.0,1,1,1,258,258,258,228,258,258,132,75,258
6568,7713,1998-02-25,220440,60,3674.0,C,50,POPLATEK TYDNE,1996-05-25,2.0,2.0,2.0,2.0,2.0,1,1,1,149,149,149,120,149,149,71,26,149
6569,7721,1998-05-28,45456,12,3788.0,C,13,POPLATEK MESICNE,1997-07-03,1.0,1.0,1.0,1.0,1.0,1,1,1,97,97,97,79,97,97,38,25,97
6571,7733,1998-05-12,140064,24,5836.0,C,19,POPLATEK TYDNE,1996-07-08,1.0,1.0,1.0,1.0,1.0,1,1,1,194,194,194,164,194,194,63,38,194
6574,7745,1997-12-20,77544,36,2154.0,C,2,POPLATEK MESICNE,1996-11-29,2.0,2.0,2.0,2.0,2.0,1,1,1,169,169,169,145,169,169,76,32,169
6577,7753,1994-03-11,51696,24,2154.0,A,74,POPLATEK MESICNE,1993-02-08,1.0,1.0,1.0,1.0,1.0,1,1,1,500,500,500,429,500,500,164,25,500
6578,7765,1995-12-11,27984,12,2332.0,A,52,POPLATEK TYDNE,1994-07-10,2.0,2.0,2.0,2.0,2.0,1,1,1,327,327,327,274,327,327,156,58,327
6580,7769,1994-05-22,196080,48,4085.0,A,23,POPLATEK MESICNE,1993-10-03,1.0,1.0,1.0,1.0,1.0,1,1,1,435,435,435,372,435,435,171,48,435
6585,7795,1996-10-29,372120,60,6202.0,C,64,POPLATEK MESICNE,1995-01-05,1.0,1.0,1.0,1.0,1.0,2,2,2,355,355,355,307,355,355,120,26,355
6589,7815,1996-01-01,189696,24,7904.0,A,19,POPLATEK TYDNE,1995-04-09,4.0,4.0,4.0,4.0,3.0,2,2,2,415,415,415,370,415,415,243,155,415
6591,7819,1995-02-02,20832,48,434.0,C,38,POPLATEK MESICNE,1993-08-01,5.0,5.0,5.0,5.0,3.0,1,1,1,591,591,591,526,591,591,412,287,591
6594,7824,1994-09-28,189696,24,7904.0,B,60,POPLATEK MESICNE,1994-05-17,3.0,3.0,3.0,3.0,2.0,1,1,1,339,339,339,294,339,339,181,90,339
6596,7844,1994-06-25,91584,24,3816.0,A,1,POPLATEK MESICNE,1993-11-26,1.0,1.0,1.0,1.0,1.0,1,1,1,366,366,366,305,366,366,141,85,366
6598,7857,1995-01-18,68112,12,5676.0,A,75,POPLATEK MESICNE,1993-08-04,4.0,4.0,4.0,4.0,3.0,1,1,1,579,579,579,514,579,579,319,259,579
6599,7859,1996-11-19,72120,12,6010.0,A,52,POPLATEK MESICNE,1995-03-14,1.0,1.0,1.0,1.0,1.0,2,2,2,260,260,260,215,260,260,97,57,260
6600,7861,1995-10-08,21852,36,607.0,A,34,POPLATEK MESICNE,1995-04-22,5.0,5.0,5.0,5.0,3.0,1,1,1,414,414,414,370,414,414,275,192,414
6605,7890,1997-10-14,79344,48,1653.0,C,23,POPLATEK MESICNE,1996-03-26,2.0,2.0,2.0,2.0,2.0,1,1,1,204,204,204,171,204,204,104,43,204
6607,7894,1997-10-21,153144,36,4254.0,C,27,POPLATEK MESICNE,1996-04-09,3.0,3.0,3.0,3.0,2.0,1,1,1,286,286,286,253,286,286,142,78,286
6612,7907,1997-08-31,97392,12,8116.0,A,70,POPLATEK MESICNE,1996-07-27,2.0,2.0,2.0,2.0,2.0,2,2,2,203,203,203,173,203,203,94,38,203
6613,7926,1996-09-22,84120,24,3505.0,A,69,POPLATEK TYDNE,1996-06-09,1.0,1.0,1.0,1.0,1.0,1,1,1,191,191,191,160,191,191,83,24,191
6621,7957,1997-06-14,42900,12,3575.0,A,51,POPLATEK MESICNE,1995-09-07,3.0,3.0,3.0,3.0,2.0,2,2,2,346,346,346,306,346,346,160,84,346
6624,7965,1994-09-30,71460,12,5955.0,A,55,POPLATEK MESICNE,1993-11-08,2.0,2.0,2.0,2.0,2.0,2,2,2,406,406,406,346,406,406,182,67,406
6625,7966,1997-09-07,473280,60,7888.0,D,54,POPLATEK MESICNE,1996-12-27,1.0,1.0,1.0,1.0,1.0,1,1,1,168,168,168,122,168,168,81,13,168
6632,7990,1998-04-23,144960,48,3020.0,C,9,POPLATEK MESICNE,1996-08-30,2.0,2.0,2.0,2.0,2.0,1,1,1,214,214,214,186,214,214,86,33,214
6633,7997,1998-02-05,160656,24,6694.0,C,10,POPLATEK MESICNE,1996-04-25,1.0,1.0,1.0,1.0,1.0,1,1,1,225,225,225,193,225,225,72,11,225
6641,8026,1997-09-09,128268,36,3563.0,C,36,POPLATEK MESICNE,1997-03-23,1.0,1.0,1.0,1.0,1.0,1,1,1,108,108,108,87,108,108,53,16,108
6642,8027,1994-06-05,77640,12,6470.0,A,44,POPLATEK TYDNE,1993-07-07,1.0,1.0,1.0,1.0,1.0,1,1,1,403,403,403,338,403,403,137,77,403
6643,8038,1998-01-18,35856,24,1494.0,C,47,POPLATEK MESICNE,1996-08-17,2.0,2.0,2.0,2.0,2.0,1,1,1,168,168,168,140,168,168,85,34,168
6644,8039,1996-10-20,93600,24,3900.0,A,9,POPLATEK MESICNE,1995-12-17,4.0,4.0,4.0,4.0,3.0,1,1,1,289,289,289,252,289,289,184,117,289
6645,8041,1994-11-06,140400,36,3900.0,A,1,POPLATEK MESICNE,1993-10-10,1.0,1.0,1.0,1.0,1.0,1,1,1,442,442,442,379,442,442,153,36,442
6647,8051,1994-06-01,208320,48,4340.0,A,1,POPLATEK TYDNE,1993-02-07,1.0,1.0,1.0,1.0,1.0,2,2,2,416,416,416,346,416,416,183,118,416
6650,8073,1994-02-17,49320,12,4110.0,B,24,POPLATEK PO OBRATU,1993-09-03,3.0,3.0,3.0,3.0,2.0,1,1,1,533,533,533,469,533,533,262,132,533
6655,8085,1997-10-17,260400,60,4340.0,D,73,POPLATEK MESICNE,1996-04-08,3.0,3.0,3.0,3.0,2.0,1,1,1,232,232,232,199,232,232,131,68,232
6659,8092,1996-02-20,56100,60,935.0,C,54,POPLATEK MESICNE,1995-01-11,2.0,2.0,2.0,2.0,2.0,1,1,1,269,269,269,222,269,269,166,77,269
6660,8094,1997-05-09,220428,36,6123.0,C,67,POPLATEK MESICNE,1996-11-24,2.0,2.0,2.0,2.0,2.0,1,1,1,161,161,161,136,161,161,86,66,161
6665,8114,1997-08-15,99300,60,1655.0,C,59,POPLATEK MESICNE,1995-10-14,3.0,3.0,3.0,3.0,2.0,1,1,1,263,263,263,225,263,263,155,84,263
6667,8127,1996-07-15,155880,24,6495.0,A,37,POPLATEK MESICNE,1994-10-13,2.0,2.0,2.0,2.0,2.0,2,2,2,392,392,392,344,392,392,162,69,392
6668,8129,1994-07-30,74736,36,2076.0,A,45,POPLATEK MESICNE,1993-06-26,2.0,2.0,2.0,2.0,2.0,1,1,1,413,413,413,347,413,413,224,97,413
6675,8158,1997-11-01,238716,36,6631.0,C,48,POPLATEK TYDNE,1996-06-16,3.0,3.0,3.0,3.0,2.0,1,1,1,220,220,220,190,220,220,120,95,220
6676,8159,1995-06-13,29784,24,1241.0,A,26,POPLATEK MESICNE,1995-02-08,3.0,3.0,3.0,3.0,2.0,2,2,2,331,331,331,285,331,331,195,108,331
6677,8169,1997-08-12,97980,60,1633.0,C,29,POPLATEK MESICNE,1995-11-28,3.0,3.0,3.0,3.0,2.0,1,1,1,259,259,259,222,259,259,150,81,259
6678,8173,1994-05-20,80340,12,6695.0,A,11,POPLATEK MESICNE,1993-07-05,1.0,1.0,1.0,1.0,1.0,2,2,2,423,423,423,358,423,423,137,77,423
6682,8225,1998-03-30,36204,12,3017.0,D,50,POPLATEK MESICNE,1996-12-07,1.0,1.0,1.0,1.0,1.0,1,1,1,196,196,196,121,196,196,112,33,196
6686,8260,1994-08-25,224604,36,6239.0,A,31,POPLATEK MESICNE,1993-03-24,1.0,1.0,1.0,1.0,1.0,2,2,2,425,425,425,356,425,425,169,105,425
6687,8261,1993-09-13,87840,24,3660.0,A,13,POPLATEK MESICNE,1993-05-12,5.0,5.0,5.0,5.0,3.0,2,2,2,675,675,675,539,675,675,475,344,675
6688,8268,1997-09-26,8616,24,359.0,C,59,POPLATEK MESICNE,1996-09-19,3.0,3.0,3.0,3.0,2.0,1,1,1,210,210,210,156,210,210,135,59,210
6694,8316,1995-03-19,134784,24,5616.0,A,70,POPLATEK MESICNE,1994-06-04,1.0,1.0,1.0,1.0,1.0,1,1,1,422,422,422,313,422,422,184,24,422
6695,8320,1997-06-04,309660,60,5161.0,C,51,POPLATEK MESICNE,1997-01-19,2.0,2.0,2.0,2.0,2.0,2,2,2,163,163,163,117,163,163,102,61,163
6696,8321,1994-05-09,89040,60,1484.0,C,77,POPLATEK MESICNE,1993-04-12,2.0,2.0,2.0,2.0,2.0,2,2,2,535,535,535,397,535,535,322,120,535
6698,8327,1996-03-10,247728,48,5161.0,C,1,POPLATEK TYDNE,1995-08-08,3.0,3.0,3.0,3.0,2.0,1,1,1,339,339,339,259,339,339,222,106,339
6699,8330,1994-03-30,7656,24,319.0,A,48,POPLATEK MESICNE,1993-03-28,2.0,2.0,2.0,2.0,2.0,2,2,2,525,525,525,387,525,525,291,89,525
6704,8377,1995-06-01,417060,60,6951.0,C,29,POPLATEK MESICNE,1993-11-20,3.0,3.0,3.0,3.0,2.0,2,2,2,423,423,423,318,423,423,288,137,423
6705,8381,1997-07-25,333648,48,6951.0,D,14,POPLATEK MESICNE,1996-09-17,3.0,3.0,3.0,3.0,2.0,1,1,1,267,267,267,215,267,267,146,61,267
6712,8405,1995-10-14,266220,60,4437.0,C,20,POPLATEK MESICNE,1994-05-10,4.0,4.0,4.0,4.0,3.0,1,1,1,532,532,532,422,532,532,351,191,532
6715,8411,1996-05-06,220620,60,3677.0,C,20,POPLATEK MESICNE,1994-12-02,3.0,3.0,3.0,3.0,2.0,1,1,1,392,392,392,294,392,392,262,169,392
6721,8475,1994-01-21,21072,24,878.0,A,4,POPLATEK MESICNE,1993-09-08,3.0,3.0,3.0,3.0,2.0,1,1,1,544,544,544,418,544,544,326,142,544
6725,8489,1995-06-23,265320,36,7370.0,A,19,POPLATEK MESICNE,1993-09-18,2.0,2.0,2.0,2.0,2.0,2,2,2,451,451,451,325,451,451,279,95,451
6726,8492,1995-09-03,85860,60,1431.0,C,2,POPLATEK MESICNE,1994-06-29,2.0,2.0,2.0,2.0,2.0,1,1,1,422,422,422,314,422,422,246,89,422
6727,8505,1997-12-10,42840,12,3570.0,A,70,POPLATEK MESICNE,1997-03-20,1.0,1.0,1.0,1.0,1.0,1,1,1,135,135,135,93,135,135,70,12,135
6729,8519,1994-08-11,74688,12,6224.0,A,23,POPLATEK MESICNE,1993-04-02,2.0,2.0,2.0,2.0,2.0,2,2,2,527,527,527,389,527,527,279,146,527
6730,8523,1998-02-15,93036,12,7753.0,C,54,POPLATEK MESICNE,1996-11-25,1.0,1.0,1.0,1.0,1.0,1,1,1,185,185,185,135,185,185,80,35,185
6732,8533,1996-09-19,174048,48,3626.0,C,47,POPLATEK MESICNE,1995-10-10,1.0,1.0,1.0,1.0,1.0,1,1,1,296,296,296,224,296,296,132,27,296
6734,8547,1996-05-30,173016,36,4806.0,C,14,POPLATEK TYDNE,1995-07-17,1.0,1.0,1.0,1.0,1.0,1,1,1,339,339,339,257,339,339,152,31,339
6736,8558,1994-06-14,288360,60,4806.0,C,1,POPLATEK PO OBRATU,1994-02-27,1.0,1.0,1.0,1.0,1.0,1,1,1,337,337,337,223,337,337,222,54,337
6737,8564,1995-03-11,76680,24,3195.0,A,68,POPLATEK MESICNE,1993-09-12,3.0,3.0,3.0,3.0,2.0,2,2,2,543,543,543,417,543,543,326,205,543
6738,8566,1994-09-29,230220,36,6395.0,B,74,POPLATEK MESICNE,1993-10-08,3.0,3.0,3.0,3.0,2.0,1,1,1,452,452,452,329,452,452,317,130,452
6745,8625,1995-04-10,47304,24,1971.0,A,64,POPLATEK MESICNE,1993-11-10,2.0,2.0,2.0,2.0,2.0,1,1,1,549,549,549,425,549,549,266,83,549
6746,8639,1998-06-06,185640,60,3094.0,C,46,POPLATEK MESICNE,1997-08-22,1.0,1.0,1.0,1.0,1.0,1,1,1,103,103,103,71,103,103,50,23,103
6748,8645,1998-12-08,240900,60,4015.0,C,60,POPLATEK MESICNE,1997-06-23,2.0,2.0,2.0,2.0,2.0,1,1,1,125,125,125,89,125,125,63,14,125
6751,8680,1996-07-14,85716,36,2381.0,C,17,POPLATEK MESICNE,1996-02-12,3.0,3.0,3.0,3.0,2.0,2,2,2,250,250,250,182,250,250,184,121,250
6753,8688,1997-03-20,67980,12,5665.0,A,66,POPLATEK MESICNE,1996-11-22,1.0,1.0,1.0,1.0,1.0,1,1,1,162,162,162,112,162,162,82,12,162
6755,8713,1998-07-24,170700,60,2845.0,C,53,POPLATEK MESICNE,1997-05-18,1.0,1.0,1.0,1.0,1.0,1,1,1,131,131,131,93,131,131,57,24,131
6758,8742,1997-07-29,33144,12,2762.0,A,70,POPLATEK MESICNE,1997-01-28,4.0,4.0,4.0,4.0,3.0,2,2,2,203,203,203,157,203,203,131,67,203
6763,8772,1997-06-19,88272,48,1839.0,C,1,POPLATEK MESICNE,1996-05-16,2.0,2.0,2.0,2.0,2.0,1,1,1,192,192,192,130,192,192,133,76,192
6764,8776,1995-08-26,33984,48,708.0,C,64,POPLATEK MESICNE,1994-08-24,1.0,1.0,1.0,1.0,1.0,1,1,1,359,359,359,255,359,359,191,40,359
6766,8784,1998-04-28,74352,24,3098.0,C,1,POPLATEK MESICNE,1996-10-16,2.0,2.0,2.0,2.0,2.0,1,1,1,191,191,191,139,191,191,102,55,191
6785,8899,1995-12-25,125340,60,2089.0,C,1,POPLATEK TYDNE,1994-09-05,2.0,2.0,2.0,2.0,2.0,1,1,1,471,471,471,369,471,471,236,85,471
6790,8919,1998-06-08,76104,24,3171.0,C,62,POPLATEK MESICNE,1997-07-03,3.0,3.0,3.0,3.0,2.0,2,2,2,141,141,141,105,141,141,84,35,141
6791,8926,1998-01-23,566640,60,9444.0,C,1,POPLATEK MESICNE,1997-03-21,5.0,5.0,5.0,5.0,3.0,2,2,2,200,200,200,158,200,200,136,78,200
6793,8931,1997-01-30,186300,60,3105.0,C,63,POPLATEK TYDNE,1996-01-01,3.0,3.0,3.0,3.0,2.0,1,1,1,360,360,360,289,360,360,190,87,360
6805,8972,1996-12-21,45024,48,938.0,C,70,POPLATEK MESICNE,1996-05-21,3.0,3.0,3.0,3.0,2.0,1,1,1,247,247,247,185,247,247,166,78,247
6808,8982,1994-10-12,227880,36,6330.0,A,64,POPLATEK MESICNE,1993-09-25,1.0,1.0,1.0,1.0,1.0,2,2,2,477,477,477,351,477,477,224,37,477
6810,9006,1996-06-08,186384,48,3883.0,C,40,POPLATEK TYDNE,1994-09-02,2.0,2.0,2.0,2.0,2.0,1,1,1,433,433,433,329,433,433,234,80,433
6816,9017,1996-03-26,100224,48,2088.0,D,70,POPLATEK MESICNE,1995-11-22,1.0,1.0,1.0,1.0,1.0,1,1,1,267,267,267,156,267,267,208,67,267
6817,9024,1996-10-04,70656,48,1472.0,C,1,POPLATEK MESICNE,1996-01-05,2.0,2.0,2.0,2.0,2.0,1,1,1,263,263,263,191,263,263,161,58,263
6818,9030,1996-12-12,155616,48,3242.0,C,72,POPLATEK MESICNE,1995-01-21,3.0,3.0,3.0,3.0,2.0,2,2,2,384,384,384,290,384,384,247,111,384
6819,9031,1997-05-03,50112,24,2088.0,C,47,POPLATEK MESICNE,1997-01-15,4.0,4.0,4.0,4.0,3.0,1,1,1,189,189,189,142,189,189,142,76,189
6820,9034,1993-12-16,38148,12,3179.0,A,1,POPLATEK MESICNE,1993-06-28,4.0,4.0,4.0,4.0,3.0,1,1,1,611,611,611,479,611,611,389,262,611
6821,9037,1998-09-15,321936,48,6707.0,C,1,POPLATEK MESICNE,1996-10-22,3.0,3.0,3.0,3.0,2.0,2,2,2,206,206,206,154,206,206,118,45,206
6824,9052,1997-02-26,71976,24,2999.0,D,43,POPLATEK PO OBRATU,1995-08-30,1.0,1.0,1.0,1.0,1.0,1,1,1,303,303,303,225,303,303,175,21,303
6836,9093,1994-08-03,189300,60,3155.0,C,47,POPLATEK MESICNE,1993-06-16,3.0,3.0,3.0,3.0,2.0,1,1,1,580,580,580,448,580,580,370,177,580
6841,9104,1994-08-07,172080,48,3585.0,A,10,POPLATEK MESICNE,1994-01-21,1.0,1.0,1.0,1.0,1.0,1,1,1,403,403,403,284,403,403,223,48,403
6851,9138,1997-06-03,272220,60,4537.0,D,26,POPLATEK MESICNE,1996-07-18,3.0,3.0,3.0,3.0,2.0,1,1,1,214,214,214,158,214,214,149,63,214
6852,9140,1998-11-10,16032,48,334.0,C,32,POPLATEK MESICNE,1997-08-18,4.0,4.0,4.0,4.0,3.0,1,1,1,135,135,135,103,135,135,80,37,135
6855,9153,1998-03-01,52236,36,1451.0,C,9,POPLATEK MESICNE,1996-12-12,2.0,2.0,2.0,2.0,2.0,2,2,2,174,174,174,126,174,174,97,30,174
6856,9156,1998-12-01,163332,36,4537.0,C,18,POPLATEK MESICNE,1997-09-14,1.0,1.0,1.0,1.0,1.0,1,1,1,72,72,72,47,72,72,32,1,72
6857,9159,1998-06-08,69600,48,1450.0,C,64,POPLATEK MESICNE,1996-08-02,5.0,5.0,5.0,5.0,3.0,2,2,2,288,288,288,231,288,288,187,106,288
6859,9167,1998-03-07,272220,60,4537.0,C,56,POPLATEK MESICNE,1997-04-02,4.0,4.0,4.0,4.0,3.0,1,1,1,190,190,190,150,190,190,110,55,190
6861,9179,1998-02-28,215040,60,3584.0,C,28,POPLATEK MESICNE,1997-01-21,1.0,1.0,1.0,1.0,1.0,1,1,1,151,151,151,105,151,151,74,33,151
6863,9188,1993-07-28,127080,60,2118.0,A,45,POPLATEK MESICNE,1993-02-08,4.0,4.0,4.0,4.0,3.0,1,1,1,605,605,605,465,605,605,463,328,605
6865,9199,1996-09-11,29448,12,2454.0,B,72,POPLATEK MESICNE,1996-05-15,1.0,1.0,1.0,1.0,1.0,1,1,1,221,221,221,161,221,221,110,42,221
6866,9201,1998-02-05,122472,24,5103.0,C,69,POPLATEK MESICNE,1996-10-28,2.0,2.0,2.0,2.0,2.0,1,1,1,206,206,206,154,206,206,106,59,206
6868,9208,1998-10-12,82128,24,3422.0,C,29,POPLATEK MESICNE,1997-05-24,1.0,1.0,1.0,1.0,1.0,1,1,1,144,144,144,87,144,144,72,20,144
6871,9225,1997-04-13,164256,48,3422.0,C,11,POPLATEK MESICNE,1996-01-01,1.0,1.0,1.0,1.0,1.0,2,2,2,264,264,264,193,264,264,121,20,264
6872,9227,1998-04-29,191580,60,3193.0,C,51,POPLATEK MESICNE,1997-11-04,3.0,3.0,3.0,3.0,2.0,1,1,1,100,100,100,72,100,100,65,28,100
6875,9235,1997-03-13,83280,48,1735.0,C,37,POPLATEK MESICNE,1995-06-24,1.0,1.0,1.0,1.0,1.0,1,1,1,286,286,286,202,286,286,142,21,286
6876,9236,1993-12-21,86616,12,7218.0,A,11,POPLATEK MESICNE,1993-08-18,3.0,3.0,3.0,3.0,2.0,1,1,1,561,561,561,433,561,561,318,131,561
6877,9241,1997-06-19,285240,60,4754.0,C,74,POPLATEK MESICNE,1996-09-25,2.0,2.0,2.0,2.0,2.0,2,2,2,202,202,202,148,202,202,116,67,202
6878,9242,1997-01-24,23184,12,1932.0,A,57,POPLATEK MESICNE,1996-03-15,1.0,1.0,1.0,1.0,1.0,1,1,1,218,218,218,152,218,218,106,12,218
6887,9263,1997-05-08,39576,12,3298.0,A,68,POPLATEK MESICNE,1996-06-04,3.0,3.0,3.0,3.0,2.0,2,2,2,238,238,238,176,238,238,152,95,238
6888,9265,1994-07-11,39576,12,3298.0,A,1,POPLATEK MESICNE,1993-02-04,3.0,3.0,3.0,3.0,2.0,1,1,1,643,643,643,503,643,643,348,143,643
6895,9307,1994-09-19,41904,12,3492.0,A,68,POPLATEK MESICNE,1993-01-24,3.0,3.0,3.0,3.0,2.0,1,1,1,649,649,649,508,649,649,351,144,649
6903,9337,1994-06-04,52128,24,2172.0,A,30,POPLATEK MESICNE,1993-09-13,1.0,1.0,1.0,1.0,1.0,1,1,1,526,526,526,335,526,526,294,24,526
6908,9353,1997-06-08,188616,24,7859.0,C,59,POPLATEK MESICNE,1995-11-03,2.0,2.0,2.0,2.0,2.0,2,2,2,230,230,230,170,230,230,122,41,230
6913,9377,1997-04-29,99936,24,4164.0,C,1,POPLATEK MESICNE,1995-09-17,3.0,3.0,3.0,3.0,2.0,1,1,1,347,347,347,270,347,347,200,89,347
6919,9403,1994-08-05,120888,36,3358.0,A,1,POPLATEK TYDNE,1993-03-27,2.0,2.0,2.0,2.0,2.0,1,1,1,431,431,431,363,431,431,234,101,431
6921,9422,1996-10-29,86184,12,7182.0,A,70,POPLATEK MESICNE,1996-03-06,3.0,3.0,3.0,3.0,2.0,1,1,1,269,269,269,235,269,269,133,104,269
6922,9424,1997-08-26,83628,36,2323.0,C,54,POPLATEK MESICNE,1996-12-30,1.0,1.0,1.0,1.0,1.0,1,1,1,128,128,128,104,128,128,59,40,128
6923,9433,1998-10-05,44640,24,1860.0,C,59,POPLATEK MESICNE,1997-08-14,1.0,1.0,1.0,1.0,1.0,1,1,1,83,83,83,67,83,83,30,3,83
6926,9455,1998-02-07,374760,60,6246.0,C,73,POPLATEK MESICNE,1996-11-03,4.0,4.0,4.0,4.0,3.0,2,2,2,214,214,214,188,214,214,122,101,214
6929,9472,1995-05-08,36396,12,3033.0,A,1,POPLATEK TYDNE,1993-07-06,2.0,2.0,2.0,2.0,2.0,1,1,1,454,454,454,388,454,454,200,72,454
6932,9491,1998-06-25,225504,48,4698.0,C,7,POPLATEK TYDNE,1996-08-08,4.0,4.0,4.0,4.0,3.0,1,1,1,235,235,235,206,235,235,132,108,235
6933,9493,1995-09-09,188688,48,3931.0,C,64,POPLATEK MESICNE,1995-04-02,2.0,2.0,2.0,2.0,2.0,1,1,1,302,302,302,257,302,302,166,126,302
6934,9494,1997-02-09,116832,12,9736.0,A,21,POPLATEK MESICNE,1996-05-10,2.0,2.0,2.0,2.0,2.0,2,2,2,200,200,200,168,200,200,99,40,200
6938,9504,1997-03-10,341280,60,5688.0,C,9,POPLATEK MESICNE,1996-01-29,1.0,1.0,1.0,1.0,1.0,1,1,1,198,198,198,163,198,198,87,57,198
6940,9510,1996-11-22,228276,36,6341.0,C,1,POPLATEK MESICNE,1996-06-09,1.0,1.0,1.0,1.0,1.0,2,2,2,167,167,167,136,167,167,82,25,167
6942,9513,1997-07-16,18324,12,1527.0,A,59,POPLATEK MESICNE,1996-05-12,2.0,2.0,2.0,2.0,2.0,2,2,2,196,196,196,164,196,196,99,40,196
6944,9548,1996-11-15,46176,48,962.0,C,62,POPLATEK MESICNE,1996-06-07,2.0,2.0,2.0,2.0,2.0,1,1,1,182,182,182,152,182,182,106,51,182
6948,9560,1998-03-15,157068,36,4363.0,C,1,POPLATEK MESICNE,1997-07-13,2.0,2.0,2.0,2.0,2.0,1,1,1,88,88,88,70,88,88,45,18,88
6949,9583,1995-12-12,104712,24,4363.0,A,31,POPLATEK TYDNE,1994-05-22,2.0,2.0,2.0,2.0,2.0,2,2,2,421,421,421,368,421,421,172,72,421
6950,9591,1995-04-11,104712,24,4363.0,A,74,POPLATEK MESICNE,1993-05-20,2.0,2.0,2.0,2.0,2.0,1,1,1,457,457,457,392,457,457,220,89,457
6955,9627,1995-11-22,244368,48,5091.0,C,65,POPLATEK PO OBRATU,1994-07-22,1.0,1.0,1.0,1.0,1.0,1,1,1,360,360,360,307,360,360,142,37,360
6956,9631,1997-11-09,59448,24,2477.0,C,11,POPLATEK MESICNE,1996-06-25,1.0,1.0,1.0,1.0,1.0,1,1,1,177,177,177,147,177,177,69,44,177
6959,9633,1997-06-30,59448,24,2477.0,D,70,POPLATEK MESICNE,1996-01-08,1.0,1.0,1.0,1.0,1.0,1,1,1,276,276,276,209,276,276,120,17,276
6960,9640,1995-01-11,76416,24,3184.0,A,1,POPLATEK MESICNE,1993-03-13,3.0,3.0,3.0,3.0,2.0,2,2,2,530,530,530,460,530,530,290,225,530
6961,9645,1996-06-06,176148,36,4893.0,C,38,POPLATEK MESICNE,1996-01-23,2.0,2.0,2.0,2.0,2.0,1,1,1,230,230,230,195,230,230,127,97,230
6962,9646,1998-04-02,279072,48,5814.0,C,1,POPLATEK TYDNE,1996-07-30,1.0,1.0,1.0,1.0,1.0,2,2,2,143,143,143,121,143,143,46,8,143
6965,9656,1995-06-13,139536,24,5814.0,A,61,POPLATEK MESICNE,1993-11-14,2.0,2.0,2.0,2.0,2.0,1,1,1,481,481,481,419,481,481,204,83,481
6969,9673,1998-09-12,88200,36,2450.0,C,76,POPLATEK MESICNE,1997-06-07,2.0,2.0,2.0,2.0,2.0,2,2,2,116,116,116,97,116,116,52,38,116
6970,9677,1997-06-17,31620,60,527.0,C,8,POPLATEK MESICNE,1996-10-13,2.0,2.0,2.0,2.0,2.0,1,1,1,161,161,161,135,161,161,87,40,161
6984,9730,1997-08-15,116040,60,1934.0,C,54,POPLATEK MESICNE,1997-01-01,3.0,3.0,3.0,3.0,2.0,2,2,2,157,157,157,133,157,157,99,56,157
6985,9731,1995-11-22,113796,36,3161.0,A,54,POPLATEK PO OBRATU,1994-12-01,3.0,3.0,3.0,3.0,2.0,2,2,2,346,346,346,297,346,346,219,175,346
6986,9750,1995-02-11,151728,48,3161.0,D,74,POPLATEK MESICNE,1994-05-16,1.0,1.0,1.0,1.0,1.0,1,1,1,416,416,416,308,416,416,209,45,416
6992,9790,1996-07-27,133968,48,2791.0,C,52,POPLATEK MESICNE,1995-11-09,4.0,4.0,4.0,4.0,3.0,2,2,2,376,376,376,338,376,376,214,140,376
6995,9814,1996-09-26,96168,12,8014.0,A,64,POPLATEK TYDNE,1995-01-19,1.0,1.0,1.0,1.0,1.0,1,1,1,407,407,407,266,407,407,201,9,407
6996,9828,1995-04-13,126600,24,5275.0,A,11,POPLATEK MESICNE,1993-05-20,1.0,1.0,1.0,1.0,1.0,1,1,1,406,406,406,339,406,406,153,91,406
6998,9833,1994-05-21,97632,12,8136.0,A,20,POPLATEK MESICNE,1993-07-24,3.0,3.0,3.0,3.0,2.0,1,1,1,547,547,547,482,547,547,259,199,547
7001,9859,1997-08-10,300600,60,5010.0,C,27,POPLATEK MESICNE,1996-07-08,4.0,4.0,4.0,4.0,3.0,1,1,1,251,251,251,222,251,251,143,119,251
7004,9869,1995-03-15,331560,60,5526.0,C,12,POPLATEK MESICNE,1993-08-21,3.0,3.0,3.0,3.0,2.0,2,2,2,465,465,465,401,465,465,286,163,465
7008,9897,1995-09-22,36168,12,3014.0,A,1,POPLATEK MESICNE,1995-03-04,4.0,4.0,4.0,4.0,3.0,1,1,1,382,382,382,336,382,382,224,183,382
7013,9928,1996-08-02,89340,60,1489.0,C,60,POPLATEK MESICNE,1995-11-09,2.0,2.0,2.0,2.0,2.0,2,2,2,249,249,249,211,249,249,134,63,249
7034,10001,1996-07-11,19044,36,529.0,C,24,POPLATEK MESICNE,1995-05-28,1.0,1.0,1.0,1.0,1.0,1,1,1,248,248,248,205,248,248,111,30,248
7035,10005,1998-07-29,210744,36,5854.0,C,64,POPLATEK MESICNE,1997-11-29,2.0,2.0,2.0,2.0,2.0,1,1,1,73,73,73,60,73,73,35,27,73
7036,10019,1996-09-25,194940,36,5415.0,C,8,POPLATEK MESICNE,1995-06-15,1.0,1.0,1.0,1.0,1.0,1,1,1,250,250,250,208,250,250,108,27,250
7037,10022,1998-01-03,218064,48,4543.0,C,1,POPLATEK MESICNE,1997-05-07,3.0,3.0,3.0,3.0,2.0,1,1,1,133,133,133,114,133,133,75,61,133
7046,10049,1997-03-28,91632,12,7636.0,A,17,POPLATEK MESICNE,1996-03-28,3.0,3.0,3.0,3.0,2.0,2,2,2,230,230,230,197,230,230,130,69,230
7049,10063,1997-06-24,233424,36,6484.0,C,4,POPLATEK TYDNE,1996-10-13,5.0,5.0,5.0,5.0,3.0,1,1,1,232,232,232,206,232,232,153,132,232
7050,10065,1997-09-23,311232,48,6484.0,C,76,POPLATEK MESICNE,1996-03-30,1.0,1.0,1.0,1.0,1.0,1,1,1,263,263,263,230,263,263,78,15,263
7051,10068,1997-07-28,77808,12,6484.0,A,1,POPLATEK MESICNE,1997-04-02,1.0,1.0,1.0,1.0,1.0,2,2,2,144,144,144,123,144,144,53,12,144
7055,10079,1994-04-06,167100,60,2785.0,C,62,POPLATEK MESICNE,1993-05-06,1.0,1.0,1.0,1.0,1.0,2,2,2,438,438,438,370,438,438,191,57,438
7057,10093,1995-10-20,231696,36,6436.0,A,1,POPLATEK TYDNE,1994-07-01,4.0,4.0,4.0,4.0,3.0,2,2,2,470,470,470,416,470,470,288,239,470
7061,10105,1994-08-27,121896,24,5079.0,A,55,POPLATEK MESICNE,1993-04-28,1.0,1.0,1.0,1.0,1.0,1,1,1,499,499,499,431,499,499,153,24,499
7066,10131,1994-05-02,215388,36,5983.0,B,1,POPLATEK MESICNE,1993-11-27,1.0,1.0,1.0,1.0,1.0,1,1,1,399,399,399,284,399,399,193,20,399
7067,10134,1998-01-11,136368,24,5682.0,C,22,POPLATEK MESICNE,1997-04-26,2.0,2.0,2.0,2.0,2.0,1,1,1,148,148,148,128,148,148,67,30,148
7072,10148,1998-01-27,22104,12,1842.0,C,34,POPLATEK MESICNE,1997-01-13,3.0,3.0,3.0,3.0,2.0,1,1,1,157,157,157,134,157,157,90,49,157
7085,10202,1997-06-19,305424,48,6363.0,C,70,POPLATEK MESICNE,1996-07-08,3.0,3.0,3.0,3.0,2.0,1,1,1,213,213,213,183,213,213,129,72,213
7087,10215,1997-02-20,44304,24,1846.0,C,38,POPLATEK MESICNE,1996-04-12,3.0,3.0,3.0,3.0,2.0,1,1,1,234,234,234,202,234,234,137,78,234
7088,10233,1997-05-03,239160,60,3986.0,C,27,POPLATEK MESICNE,1996-02-21,5.0,5.0,5.0,5.0,3.0,1,1,1,291,291,291,257,291,291,201,172,291
7091,10243,1998-09-22,113436,36,3151.0,C,44,POPLATEK MESICNE,1997-09-03,1.0,1.0,1.0,1.0,1.0,1,1,1,133,133,133,117,133,133,32,3,133
7096,10257,1998-09-02,37812,12,3151.0,C,27,POPLATEK MESICNE,1997-05-01,2.0,2.0,2.0,2.0,2.0,1,1,1,158,158,158,138,158,158,60,22,158
7097,10266,1993-12-23,75624,24,3151.0,B,54,POPLATEK MESICNE,1993-06-10,1.0,1.0,1.0,1.0,1.0,1,1,1,453,453,453,327,453,453,265,22,453
7100,10280,1997-12-31,348120,60,5802.0,C,69,POPLATEK MESICNE,1996-12-01,1.0,1.0,1.0,1.0,1.0,1,1,1,145,145,145,120,145,145,57,37,145
7101,10297,1996-11-18,421008,48,8771.0,C,14,POPLATEK MESICNE,1996-01-19,2.0,2.0,2.0,2.0,2.0,1,1,1,228,228,228,193,228,228,121,56,228
7104,10320,1993-12-13,259740,60,4329.0,A,68,POPLATEK MESICNE,1993-07-11,2.0,2.0,2.0,2.0,2.0,1,1,1,441,441,441,376,441,441,246,186,441
7110,10345,1998-01-21,31260,12,2605.0,C,36,POPLATEK MESICNE,1996-04-07,2.0,2.0,2.0,2.0,2.0,2,2,2,191,191,191,158,191,191,100,39,191
7115,10351,1997-03-04,88704,48,1848.0,C,23,POPLATEK MESICNE,1995-05-04,2.0,2.0,2.0,2.0,2.0,2,2,2,260,260,260,216,260,260,145,62,260
7119,10361,1997-06-02,86880,12,7240.0,A,21,POPLATEK MESICNE,1996-06-21,1.0,1.0,1.0,1.0,1.0,1,1,1,160,160,160,130,160,160,67,42,160
7121,10364,1993-11-10,21924,36,609.0,A,55,POPLATEK MESICNE,1993-01-17,2.0,2.0,2.0,2.0,2.0,2,2,2,487,487,487,416,487,487,241,104,487
7122,10365,1997-01-04,260640,36,7240.0,D,22,POPLATEK MESICNE,1995-09-02,5.0,5.0,5.0,5.0,3.0,1,1,1,352,352,352,313,352,352,210,138,352
7129,10404,1998-03-01,194280,60,3238.0,C,1,POPLATEK MESICNE,1996-12-30,5.0,5.0,5.0,5.0,3.0,1,1,1,208,208,208,184,208,208,132,89,208
7130,10411,1996-12-11,123408,24,5142.0,A,39,POPLATEK PO OBRATU,1995-11-23,5.0,5.0,5.0,5.0,3.0,1,1,1,322,322,322,285,322,322,211,144,322
7136,10436,1996-09-28,54396,36,1511.0,C,60,POPLATEK MESICNE,1996-03-21,1.0,1.0,1.0,1.0,1.0,1,1,1,189,189,189,156,189,189,88,27,189
7137,10439,1994-06-03,151560,24,6315.0,A,66,POPLATEK MESICNE,1993-11-21,2.0,2.0,2.0,2.0,2.0,1,1,1,421,421,421,360,421,421,197,141,421
7138,10440,1995-07-03,60000,60,1000.0,C,72,POPLATEK MESICNE,1993-09-13,3.0,3.0,3.0,3.0,2.0,1,1,1,457,457,457,394,457,457,281,160,457
7139,10445,1998-01-22,23412,12,1951.0,C,72,POPLATEK MESICNE,1996-05-29,2.0,2.0,2.0,2.0,2.0,2,2,2,205,205,205,174,205,205,95,38,205
7142,10451,1994-12-19,482940,60,8049.0,D,1,POPLATEK MESICNE,1993-08-29,4.0,4.0,4.0,4.0,3.0,1,1,1,598,598,598,470,598,598,417,223,598
7147,10478,1998-01-02,267600,48,5575.0,C,70,POPLATEK TYDNE,1996-02-24,1.0,1.0,1.0,1.0,1.0,1,1,1,193,193,193,160,193,193,66,11,193
7151,10493,1998-02-18,133800,24,5575.0,C,12,POPLATEK MESICNE,1997-01-09,3.0,3.0,3.0,3.0,2.0,1,1,1,177,177,177,153,177,177,91,48,177
7154,10520,1996-12-05,417600,60,6960.0,C,55,POPLATEK PO OBRATU,1995-10-24,1.0,1.0,1.0,1.0,1.0,1,1,1,202,202,202,164,202,202,88,25,202
7164,10613,1998-08-15,249792,48,5204.0,C,55,POPLATEK MESICNE,1997-11-04,1.0,1.0,1.0,1.0,1.0,1,1,1,77,77,77,63,77,77,27,18,77
7166,10630,1995-06-24,198240,24,8260.0,A,41,POPLATEK MESICNE,1995-01-15,2.0,2.0,2.0,2.0,2.0,1,1,1,304,304,304,257,304,304,156,67,304
7167,10644,1998-06-18,269964,36,7499.0,C,16,POPLATEK MESICNE,1997-07-12,2.0,2.0,2.0,2.0,2.0,1,1,1,120,120,120,102,120,120,51,38,120
7168,10645,1998-07-05,208332,36,5787.0,C,2,POPLATEK MESICNE,1996-12-21,2.0,2.0,2.0,2.0,2.0,1,1,1,163,163,163,139,163,163,69,50,163
7171,10650,1998-02-24,196224,48,4088.0,C,76,POPLATEK MESICNE,1997-09-09,2.0,2.0,2.0,2.0,2.0,1,1,1,94,94,94,78,94,94,48,37,94
7172,10652,1998-05-07,45720,12,3810.0,C,1,POPLATEK MESICNE,1997-03-18,3.0,3.0,3.0,3.0,2.0,1,1,1,149,149,149,128,149,149,79,63,149
7176,10663,1995-10-28,260028,36,7223.0,A,11,POPLATEK MESICNE,1993-12-08,3.0,3.0,3.0,3.0,2.0,1,1,1,473,473,473,413,473,473,262,207,473
7181,10679,1997-10-02,197808,24,8242.0,C,1,POPLATEK MESICNE,1997-05-30,2.0,2.0,2.0,2.0,2.0,1,1,1,116,116,116,97,116,116,63,49,116
7187,10711,1997-12-24,24180,60,403.0,C,36,POPLATEK MESICNE,1996-07-08,5.0,5.0,5.0,5.0,3.0,1,1,1,249,249,249,220,249,249,165,112,249
7189,10728,1996-03-21,154656,48,3222.0,C,71,POPLATEK MESICNE,1994-12-23,2.0,2.0,2.0,2.0,2.0,1,1,1,333,333,333,285,333,333,167,124,333
7192,10738,1994-12-21,115992,36,3222.0,A,45,POPLATEK TYDNE,1993-04-17,3.0,3.0,3.0,3.0,2.0,1,1,1,550,550,550,481,550,550,297,164,550
7194,10762,1996-09-17,68832,36,1912.0,C,1,POPLATEK MESICNE,1995-10-23,2.0,2.0,2.0,2.0,2.0,1,1,1,245,245,245,207,245,245,131,60,245
7195,10774,1998-04-23,339168,48,7066.0,C,46,POPLATEK MESICNE,1997-07-05,2.0,2.0,2.0,2.0,2.0,1,1,1,104,104,104,86,104,104,53,22,104
7198,10788,1994-08-23,45768,12,3814.0,A,67,POPLATEK TYDNE,1993-11-22,1.0,1.0,1.0,1.0,1.0,1,1,1,373,373,373,269,373,373,226,12,373
7199,10789,1997-12-09,45768,12,3814.0,A,75,POPLATEK MESICNE,1996-09-18,4.0,4.0,4.0,4.0,3.0,2,2,2,286,286,286,259,286,286,139,87,286
7200,10799,1998-07-11,31140,60,519.0,C,76,POPLATEK MESICNE,1997-08-19,1.0,1.0,1.0,1.0,1.0,1,1,1,83,83,83,67,83,83,33,6,83
7201,10807,1997-03-07,67464,12,5622.0,A,34,POPLATEK MESICNE,1996-03-13,1.0,1.0,1.0,1.0,1.0,1,1,1,190,190,190,157,190,190,73,45,190
7202,10812,1998-05-29,140688,48,2931.0,C,16,POPLATEK MESICNE,1997-04-08,1.0,1.0,1.0,1.0,1.0,2,2,2,114,114,114,95,114,114,44,7,114
7209,10857,1997-11-30,385560,60,6426.0,D,50,POPLATEK MESICNE,1996-10-02,1.0,1.0,1.0,1.0,1.0,1,1,1,158,158,158,107,158,158,106,11,158
7213,10884,1996-02-13,113544,36,3154.0,C,65,POPLATEK MESICNE,1995-02-20,3.0,3.0,3.0,3.0,2.0,1,1,1,363,363,363,317,363,363,203,162,363
7219,10905,1997-08-23,57120,48,1190.0,C,32,POPLATEK MESICNE,1996-11-21,3.0,3.0,3.0,3.0,2.0,1,1,1,177,177,177,152,177,177,103,58,177
7220,10911,1994-07-28,131292,36,3647.0,A,1,POPLATEK TYDNE,1993-05-29,2.0,2.0,2.0,2.0,2.0,1,1,1,460,460,460,393,460,460,228,166,460
7221,10915,1998-06-11,152460,60,2541.0,C,25,POPLATEK TYDNE,1997-02-15,5.0,5.0,5.0,5.0,3.0,1,1,1,175,175,175,153,175,175,115,98,175
7226,10940,1994-02-23,197748,36,5493.0,A,50,POPLATEK MESICNE,1993-09-13,2.0,2.0,2.0,2.0,2.0,2,2,2,428,428,428,365,428,428,215,94,428
7227,10942,1995-10-02,314520,60,5242.0,C,44,POPLATEK TYDNE,1994-06-05,2.0,2.0,2.0,2.0,2.0,1,1,1,441,441,441,386,441,441,194,88,441
7230,10954,1997-04-02,18720,60,312.0,C,25,POPLATEK MESICNE,1996-07-29,1.0,1.0,1.0,1.0,1.0,2,2,2,166,166,166,137,166,166,74,21,166
7233,10963,1996-12-25,115812,36,3217.0,C,16,POPLATEK MESICNE,1995-05-20,1.0,1.0,1.0,1.0,1.0,1,1,1,284,284,284,240,284,284,109,24,284
7235,10973,1993-10-13,154416,48,3217.0,A,18,POPLATEK TYDNE,1993-04-20,1.0,1.0,1.0,1.0,1.0,1,1,1,474,474,474,405,474,474,183,48,474
7240,11013,1993-09-06,274740,60,4579.0,A,1,POPLATEK TYDNE,1993-02-14,3.0,3.0,3.0,3.0,2.0,1,1,1,571,571,571,501,571,571,326,261,571
7241,11021,1995-03-04,168984,24,7041.0,B,1,POPLATEK MESICNE,1993-08-10,1.0,1.0,1.0,1.0,1.0,1,1,1,499,499,499,369,499,499,217,22,499
7242,11027,1997-10-23,48096,24,2004.0,C,32,POPLATEK TYDNE,1996-07-26,2.0,2.0,2.0,2.0,2.0,1,1,1,181,181,181,152,181,181,91,67,181
7243,11042,1995-12-04,217152,36,6032.0,A,72,POPLATEK MESICNE,1995-01-29,2.0,2.0,2.0,2.0,2.0,1,1,1,321,321,321,274,321,321,168,126,321
7246,11054,1996-08-20,148920,60,2482.0,C,59,POPLATEK TYDNE,1996-02-01,2.0,2.0,2.0,2.0,2.0,1,1,1,232,232,232,197,232,232,124,94,232
7249,11065,1994-06-12,69360,48,1445.0,A,11,POPLATEK MESICNE,1993-03-19,1.0,1.0,1.0,1.0,1.0,1,1,1,403,403,403,334,403,403,182,49,403
7250,11069,1997-03-04,119136,48,2482.0,C,37,POPLATEK MESICNE,1995-06-02,1.0,1.0,1.0,1.0,1.0,1,1,1,256,256,256,213,256,256,105,22,256
7253,11079,1997-04-26,98304,12,8192.0,A,16,POPLATEK MESICNE,1995-11-10,1.0,1.0,1.0,1.0,1.0,1,1,1,246,246,246,208,246,246,83,50,246
7255,11096,1997-06-09,213300,60,3555.0,C,28,POPLATEK MESICNE,1996-12-10,2.0,2.0,2.0,2.0,2.0,1,1,1,149,149,149,125,149,149,82,39,149
7259,11111,1994-01-31,108144,36,3004.0,A,1,POPLATEK MESICNE,1993-05-20,2.0,2.0,2.0,2.0,2.0,2,2,2,492,492,492,424,492,492,234,101,492
7262,11135,1994-03-01,182628,36,5073.0,A,75,POPLATEK MESICNE,1993-10-10,2.0,2.0,2.0,2.0,2.0,1,1,1,416,416,416,354,416,416,212,93,416
7263,11138,1996-01-19,89880,24,3745.0,A,70,POPLATEK TYDNE,1995-08-18,1.0,1.0,1.0,1.0,1.0,1,1,1,325,325,325,284,325,325,102,24,325
7264,11141,1997-10-07,44940,12,3745.0,A,1,POPLATEK TYDNE,1997-02-11,1.0,1.0,1.0,1.0,1.0,1,1,1,152,152,152,130,152,152,52,12,152
7271,11186,1996-10-02,392460,60,6541.0,C,12,POPLATEK MESICNE,1994-11-24,2.0,2.0,2.0,2.0,2.0,2,2,2,339,339,339,290,339,339,165,121,339
7277,11231,1997-10-24,89280,12,7440.0,A,1,POPLATEK MESICNE,1997-02-05,3.0,3.0,3.0,3.0,2.0,1,1,1,173,173,173,150,173,173,90,72,173
7279,11244,1997-12-11,155760,24,6490.0,C,33,POPLATEK MESICNE,1997-01-12,2.0,2.0,2.0,2.0,2.0,1,1,1,170,170,170,147,170,170,74,31,170
7284,11265,1993-09-15,52788,12,4399.0,A,15,POPLATEK MESICNE,1993-01-14,3.0,3.0,3.0,3.0,2.0,1,1,1,484,484,484,413,484,484,283,146,484
7286,11271,1997-01-31,67320,36,1870.0,C,5,POPLATEK MESICNE,1995-09-20,4.0,4.0,4.0,4.0,3.0,1,1,1,303,303,303,264,303,303,201,167,303
7292,11317,1998-11-22,317460,60,5291.0,C,50,POPLATEK MESICNE,1997-07-11,3.0,3.0,3.0,3.0,2.0,1,1,1,155,155,155,137,155,155,64,31,155
7294,11327,1998-09-27,39168,24,1632.0,C,7,POPLATEK MESICNE,1997-10-15,2.0,2.0,2.0,2.0,2.0,1,1,1,75,75,75,61,75,75,35,12,75
7295,11328,1998-07-18,280440,60,4674.0,C,54,POPLATEK MESICNE,1996-11-05,1.0,1.0,1.0,1.0,1.0,1,1,1,146,146,146,121,146,146,50,5,146
7304,11349,1995-10-29,419880,60,6998.0,C,1,POPLATEK TYDNE,1995-05-26,2.0,2.0,2.0,2.0,2.0,2,2,2,304,304,304,261,304,304,158,120,304
7305,11359,1996-08-06,54024,12,4502.0,A,61,POPLATEK MESICNE,1994-10-01,3.0,3.0,3.0,3.0,2.0,1,1,1,378,378,378,327,378,378,201,155,378
7308,11362,1996-12-27,129408,24,5392.0,A,67,POPLATEK MESICNE,1995-10-14,5.0,5.0,5.0,5.0,3.0,1,1,1,344,344,344,306,344,344,231,160,344
